MS Dhoni,India,13,98,97,91,57,34,57
AB de Villiers,South Africa,11,78,78,72,65,7,21
D Ramdin,West Indies,13,71,71,63,43,20,43
Kamran Akmal,Pakisthan,11,58,58,60,28,32,28
Mushfiqur Rahim,Bangladesh,13,84,82,59,31,28,30
Mohammad Shahzad,Afganisthan,8,65,65,54,26,28,26
DA Miller,South Africa,9,72,72,52,51,1,1
Umar Akmal,Pakisthan,10,84,84,52,50,2,11
Shoaib Malik,Pakisthan,13,111,111,50,50,0,0
Q de Kock,South Africa,7,38,38,46,36,10,36
MJ Guptill,New Zealand,10,83,82,46,46,0,0
GC Wilson,Ireland,11,78,76,46,39,7,28
KC Sangakkara,Sri Lanka,8,56,56,45,25,20,25
Sarfaraz Ahmed,Pakisthan,9,58,58,45,35,10,35
BB McCullum,New Zealand,10,71,71,44,36,8,24
LRPL Taylor,New Zealand,13,95,95,44,44,0,0
DA Warner,Australia,10,76,76,43,43,0,0
SK Raina,India,12,78,78,42,42,0,0
Mohammad Nabi,Afganisthan,9,75,75,41,41,0,0
RG Sharma,India,12,104,104,38,38,0,0
LD Chandimal,Sri Lanka,8,54,54,37,32,5,15
V Kohli,India,9,75,75,37,37,0,0
EJG Morgan,England,10,86,86,37,37,0,0
GH Dockrell,Ireland,9,73,70,36,36,0,0
DJ Bravo,West Indies,10,66,66,35,35,0,0
JP Duminy,South Africa,12,81,81,35,35,0,0
KJ O'Brien,Ireland,11,90,86,34,34,0,0
KA Pollard,West Indies,11,68,68,34,34,0,0
MH Cross,SCOT,6,43,41,33,22,11,22
TM Dilshan,Sri Lanka,10,80,80,33,31,2,5
AD Hales,England,8,60,59,32,32,0,0
BN Cooper,NL,6,51,50,31,31,0,0
Mahmudullah,Bangladesh,12,83,81,31,31,0,0
DJG Sammy,West Indies,10,68,68,31,31,0,0
JM Bairstow,England,8,34,34,30,30,0,8
GJ Maxwell,Australia,7,61,60,30,30,0,0
NLTC Perera,Sri Lanka,9,79,79,30,30,0,0
L Ronchi,New Zealand,10,33,33,30,24,6,24
Shahid Afridi,Pakisthan,12,99,99,30,30,0,0
TG Southee,New Zealand,11,66,65,29,29,0,0
PW Borren,NL,9,43,41,28,28,0,0
SA Edwards,NL,1,29,28,28,24,4,24
PM Seelaar,NL,11,69,67,28,28,0,0
W Barresi,NL,7,42,40,27,26,1,26
JC Buttler,England,7,66,65,27,23,4,21
CS MacLeod,SCOT,10,49,49,27,27,0,0
Najibullah Zadran,Afganisthan,7,57,57,27,27,0,0
NJ O'Brien,Ireland,8,30,28,27,17,10,15
KS Williamson,New Zealand,8,57,56,27,27,0,0
NL McCullum,New Zealand,9,63,63,26,26,0,0
H Masakadza,Zimbabwe,13,66,66,25,25,0,0
Mohammad Hafeez,Pakisthan,12,89,89,25,25,0,0
Sabbir Rahman,Bangladesh,5,44,43,25,25,0,0
AJ Finch,Australia,8,58,57,24,24,0,0
DJ Hussey,Australia,4,39,39,24,24,0,0
BJ Haddin,Australia,8,34,34,23,17,6,17
CJ Jordan,England,5,43,43,23,23,0,0
AD Mathews,Sri Lanka,9,72,72,23,23,0,0
HH Pandya,India,3,40,40,23,23,0,0
Soumya Sarkar,Bangladesh,4,46,45,23,23,0,0
SR Thompson,Ireland,5,41,39,23,23,0,0
CL White,Australia,7,47,47,23,23,0,0
AT Carey,Australia,1,25,24,22,13,9,13
ADS Fletcher,West Indies,10,42,42,22,21,1,10
WTS Porterfield,Ireland,10,61,59,22,22,0,0
PR Stirling,Ireland,10,72,71,22,22,0,0
SCJ Broad,England,8,56,56,21,21,0,0
F du Plessis,South Africa,7,44,44,21,21,0,0
SPD Smith,Australia,9,36,36,21,21,0,0
Asghar Afghan,Afganisthan,9,66,66,20,20,0,0
MEK Hussey,Australia,7,38,38,20,20,0,0
RA Jadeja,India,10,46,46,20,20,0,0
C Kieswetter,England,2,25,25,20,17,3,17
SL Malinga,Sri Lanka,13,79,79,20,20,0,0
CO Obuya,KENYA,12,35,35,20,20,0,0
L Siaka,Papua New Guinea,4,26,26,20,20,0,0
LMP Simmons,West Indies,12,49,49,20,20,0,1
SR Watson,Australia,10,58,58,20,20,0,0
HM Amla,South Africa,9,44,44,19,19,0,0
CJ Anderson,New Zealand,6,31,31,19,19,0,0
MV Boucher,South Africa,5,25,25,19,18,1,18
CR Brathwaite,West Indies,8,41,41,19,19,0,0
E Chigumbura,Zimbabwe,13,54,54,19,19,0,0
KJ Coetzer,SCOT,11,58,56,19,19,0,0
KD Karthik,India,13,32,31,19,14,5,6
R Mutumbami,Zimbabwe,4,22,22,19,15,4,11
RR Patel,KENYA,11,30,30,19,19,0,0
Shakib Al Hasan,Bangladesh,13,76,75,19,19,0,0
BRM Taylor,Zimbabwe,13,38,38,19,17,2,15
RE van der Merwe,South Africa,10,43,42,19,19,0,0
C de Grandhomme,New Zealand,7,33,33,18,18,0,0
S Dhawan,India,8,58,58,18,18,0,0
Gulbadin Naib,Afganisthan,7,45,45,18,18,0,0
MA Leask,SCOT,6,31,29,18,18,0,0
C Munro,New Zealand,7,60,59,18,18,0,0
JE Root,England,7,32,32,18,18,0,0
Samiullah Shinwari,Afganisthan,9,62,62,18,18,0,0
GC Smith,South Africa,6,33,33,18,18,0,0
Tamim Iqbal,Bangladesh,11,75,73,18,18,0,0
Umar Gul,Pakisthan,9,60,60,18,18,0,0
J Botha,South Africa,6,40,40,17,17,0,0
AC Gilchrist,Australia,3,13,13,17,17,0,17
DPMD Jayawardene,Sri Lanka,8,55,55,17,17,0,0
CK Kapugedera,Sri Lanka,11,43,43,17,17,0,0
KMDN Kulasekara,Sri Lanka,9,58,58,17,17,0,0
JA Morkel,South Africa,10,50,50,17,17,0,0
MDKJ Perera,Sri Lanka,6,42,42,17,13,4,7
Sikandar Raza,Zimbabwe,6,32,32,17,17,0,0
BDH Stevens,JER,0,17,17,17,17,0,0
Sultan Ahmed,OMAN,2,17,16,17,14,3,14
Babar Hayat,HKG,3,24,24,16,16,0,0
SW Billings,England,4,26,26,16,15,1,4
K Doriga,Papua New Guinea,0,17,17,16,15,1,15
Hamza Tariq,CAN,6,15,15,16,12,4,12
JW Jenner,JER,0,17,17,16,16,0,0
P Khadka,NEPAL,5,30,30,16,16,0,0
Nawroz Mangal,Afganisthan,7,32,32,16,16,0,0
AM Rahane,India,5,20,20,16,16,0,0
WB Rankin,England,10,48,47,16,16,0,0
Rashid Khan,Afganisthan,4,45,45,16,16,0,0
Shafiqullah,Afganisthan,9,46,46,16,14,2,1
Ahmed Shehzad,Pakisthan,10,59,59,15,15,0,0
Babar Azam,Pakisthan,3,36,36,15,15,0,0
B Bhandari,NEPAL,5,27,27,15,10,5,7
PD Collingwood,England,12,36,36,15,15,0,0
CH Gayle,West Indies,13,58,58,15,15,0,0
Ghulam Shabber,UAE,3,17,17,15,14,1,14
ZE Green,NAM,0,16,16,15,10,5,10
Nasir Hossain,Bangladesh,5,31,30,15,15,0,0
SW Poynter,Ireland,4,25,23,15,13,2,8
MS Wade,Australia,5,26,26,15,13,2,13
CAK Walton,West Indies,4,19,19,15,13,2,10
SC Williams,Zimbabwe,13,38,38,15,15,0,0
JJ Atkinson,HKG,2,13,13,14,14,0,14
A Balbirnie,Ireland,4,37,35,14,14,0,0
F Behardien,South Africa,6,38,38,14,14,0,0
Fakhar Zaman,Pakisthan,2,34,34,14,14,0,0
Imad Wasim,Pakisthan,4,41,41,14,14,0,0
IA Karim,KENYA,6,16,16,14,11,3,9
G Malla,NEPAL,5,24,24,14,14,0,0
Misbah-ul-Haq,Pakisthan,5,39,39,14,14,0,0
MP O'Dowd,NL,4,36,35,14,14,0,0
KP Pietersen,England,8,37,36,14,14,0,0
MJ Santner,New Zealand,4,39,38,14,14,0,0
A Vala,Papua New Guinea,4,26,26,14,14,0,0
J Vira,VAN,0,14,14,14,10,4,10
LJ Wright,England,7,51,50,14,14,0,0
AC Agar,Australia,3,21,21,13,13,0,0
Ahmed Raza,UAE,5,36,36,13,13,0,0
Ahsan Malik,NL,5,31,30,13,13,0,0
TC Bruce,New Zealand,2,15,14,13,13,0,1
MJ Clarke,Australia,5,34,34,13,13,0,0
NM Coulter-Nile,Australia,6,28,27,13,13,0,0
JEC Franklin,New Zealand,7,38,38,13,13,0,0
Liton Das,Bangladesh,4,25,25,13,13,0,0
JF Mooney,Ireland,6,27,27,13,13,0,0
MA Ouma,KENYA,6,22,22,13,8,5,8
TD Paine,Australia,8,12,12,13,11,2,11
SP Patil,UAE,2,18,18,13,9,4,9
KL Rahul,India,3,34,34,13,13,0,0
Aamir Kaleem,OMAN,4,25,24,12,12,0,0
TA Boult,New Zealand,6,27,27,12,12,0,0
J Charles,West Indies,5,34,34,12,10,2,0
JH Davey,SCOT,7,21,20,12,12,0,0
CR Ervine,Zimbabwe,9,22,22,12,12,0,0
HG Munsey,SCOT,4,38,36,12,12,0,0
Nadeem Ahmed,HKG,3,24,24,12,12,0,0
JDP Oram,New Zealand,7,36,36,12,12,0,0
Saeed Ajmal,Pakisthan,6,64,64,12,12,0,0
MN Samuels,West Indies,11,67,67,12,12,0,0
TL Seifert,New Zealand,1,19,19,12,8,4,8
V Sibanda,Zimbabwe,9,26,26,12,12,0,0
Tamoor Sajjad,QAT,0,12,12,12,12,0,0
HA Varaiya,KENYA,6,25,25,12,12,0,0
DJ Willey,England,4,28,28,12,12,0,0
Younis Khan,Pakisthan,4,25,25,12,12,0,0
Yuvraj Singh,India,10,58,57,12,12,0,0
A Bagai,CAN,5,9,9,11,5,6,5
S Chandramohan,SGP,0,12,12,11,11,0,0
TH David,SGP,0,12,12,11,11,0,0
N Davin,NAM,0,16,16,11,11,0,0
JSE Dunford,JER,0,17,17,11,6,5,6
MG Erasmus,NAM,0,16,16,11,11,0,0
JP Faulkner,Australia,5,24,24,11,11,0,0
G Gambhir,India,5,37,36,11,11,0,0
Imran Nazir,Pakisthan,5,25,25,11,11,0,0
Jatinder Singh,OMAN,4,25,25,11,11,0,0
Khawar Ali,OMAN,4,29,28,11,11,0,0
Mohammed Rizlan,QAT,0,15,15,11,8,3,8
PL Mommsen,SCOT,4,24,22,11,11,0,0
GD Phillips,New Zealand,1,11,10,11,9,2,7
Rizwan Cheema,CAN,11,24,24,11,11,0,0
Rohan Mustafa,UAE,5,38,38,11,11,0,0
AD Russell,West Indies,7,47,47,11,11,0,0
Shadab Khan,Pakisthan,2,38,38,11,11,0,0
Shaiman Anwar,UAE,5,32,32,11,11,0,0
DW Steyn,South Africa,12,44,44,11,11,0,0
T Taibu,Zimbabwe,5,17,17,11,6,5,6
PA van Meekeren,NL,6,41,39,11,11,0,0
D Weston,GER,0,6,6,11,9,2,9
Abdur Razzak,Bangladesh,8,34,33,10,10,0,0
GJ Bailey,Australia,5,30,30,10,10,0,0
SJ Benn,West Indies,8,24,24,10,10,0,0
TT Bresnan,England,8,34,34,10,10,0,0
RP Burl,Zimbabwe,1,16,16,10,10,0,0
SS Cottrell,West Indies,5,22,22,10,10,0,0
N Dickwella,Sri Lanka,3,23,23,10,10,0,9
R Escobar,Arg,0,5,5,10,7,3,7
FJ Klaassen,NL,1,21,20,10,10,0,0
Mashrafe Mortaza,Bangladesh,11,54,53,10,10,0,0
Nizakat Khan,HKG,5,34,34,10,10,0,0
JL Ontong,South Africa,7,14,14,10,10,0,0
RJ Peterson,South Africa,8,21,21,10,10,0,0
AU Rashid,England,10,40,40,10,10,0,0
SM Sharif,SCOT,7,42,41,10,10,0,0
JJ Smit,NAM,0,12,12,10,10,0,0
LJ Tucker,Ireland,3,14,14,10,10,0,2
Usman Ghani,Afganisthan,4,19,19,10,10,0,0
Asif Ali,Pakisthan,1,25,25,9,9,0,0
Mudassar Bukhari,NL,8,38,36,9,9,0,0
CJ Chibhabha,Zimbabwe,12,33,33,9,9,0,0
MD Gunathilaka,Sri Lanka,3,21,21,9,9,0,0
DT Johnston,Ireland,5,30,28,9,9,0,0
Karan KC,NEPAL,4,25,25,9,9,0,0
E Lewis,West Indies,3,29,29,9,9,0,0
PD McGlashan,New Zealand,4,11,11,9,9,0,9
Manpreet Singh,ITA,0,8,7,9,6,3,6
Mohamed Azzam,Mald,0,7,7,9,8,1,8
J Mubarak,Sri Lanka,2,16,16,9,9,0,0
Mustafizur Rahman,Bangladesh,4,37,37,9,9,0,0
SO Ngoche,KENYA,9,28,28,9,9,0,0
RR Pant,India,2,26,26,9,6,3,4
YK Pathan,India,5,22,22,9,9,0,0
R Powell,West Indies,2,23,23,9,9,0,0
MJ Prior,England,3,10,10,9,6,3,6
DMW Rawlins,Bermuda,0,11,11,9,9,0,0
JA Richardson,Australia,2,9,9,9,9,0,0
RR Rossouw,South Africa,2,15,15,9,9,0,0
CJO Smith,SCOT,2,8,7,9,5,4,5
IS Sodhi,New Zealand,5,40,39,9,9,0,0
MC Sorensen,Ireland,4,26,24,9,9,0,0
BA Stokes,England,7,23,22,9,9,0,0
Sultan Ahmed,UAE,2,17,17,9,9,0,0
Suraj Kumar,OMAN,0,13,13,9,7,2,7
JE Taylor,West Indies,12,30,30,9,9,0,0
T van der Gugten,NL,7,39,38,9,9,0,0
DL Vettori,New Zealand,7,34,34,9,9,0,0
CD Wallace,SCOT,7,19,18,9,7,2,6
MN Waller,Zimbabwe,7,32,32,9,9,0,0
D Wiese,South Africa,3,20,20,9,9,0,0
Zaheer Ibrahim,QAT,0,13,13,9,9,0,0
Aizaz Khan,HKG,5,30,30,8,8,0,0
R Ashwin,India,7,46,46,8,8,0,0
S Bau,Papua New Guinea,3,23,23,8,8,0,0
DG Blampied,JER,0,17,17,8,8,0,0
AC Botha,Ireland,2,14,13,8,8,0,0
JW Dernbach,England,3,34,33,8,8,0,0
JN Frylinck,NAM,0,14,14,8,8,0,0
HH Gibbs,South Africa,5,23,23,8,8,0,0
RR Hendricks,South Africa,5,22,22,8,8,0,0
H Klaasen,South Africa,1,9,9,8,8,0,5
MJ Lumb,England,4,27,26,8,8,0,0
BR McDermott,Australia,1,12,11,8,8,0,0
Manpreet Singh,SGP,0,12,12,8,4,4,4
KD Mills,New Zealand,9,42,42,8,8,0,0
DJ Mitchell,New Zealand,0,9,9,8,8,0,0
Mohammad Nadeem,OMAN,4,22,22,8,8,0,0
M Mosehle,South Africa,0,7,7,8,6,2,6
Nouman Sarwar,QAT,0,14,14,8,8,0,0
RT Ponting,Australia,4,17,17,8,8,0,0
Rameez Shahzad,UAE,3,22,22,8,8,0,0
Ravinderpal Singh,CAN,0,12,12,8,8,0,0
KW Richardson,Australia,5,15,15,8,8,0,0
DJM Short,Australia,1,20,19,8,8,0,0
DR Smith,West Indies,9,33,33,8,8,0,0
Sompal Kami,NEPAL,5,28,28,8,8,0,0
MA Starc,Australia,7,28,28,8,8,0,0
SB Styris,New Zealand,5,31,31,8,8,0,0
RML Taylor,SCOT,3,9,9,8,8,0,0
HT Tector,Ireland,0,14,14,8,8,0,0
HDRL Thirimanne,Sri Lanka,4,26,26,8,8,0,0
AJ Tye,Australia,2,26,25,8,8,0,0
N Vanua,Papua New Guinea,4,25,25,8,8,0,0
MH Yardy,England,5,14,14,8,8,0,0
KJ Abbott,South Africa,3,21,21,7,7,0,0
RG Aga,KENYA,5,20,20,7,7,0,0
MM Ali,England,4,25,25,7,7,0,0
Aqib Ilyas,OMAN,4,22,22,7,7,0,0
S Badree,West Indies,6,52,52,7,7,0,0
HS Baidwan,CAN,5,17,17,7,7,0,0
RD Berrington,SCOT,11,61,59,7,7,0,0
Bilal Khan,OMAN,4,32,31,7,7,0,0
RS Bopara,England,6,38,37,7,7,0,0
DAJ Bracewell,New Zealand,8,18,17,7,7,0,0
YS Chahal,India,3,36,36,7,7,0,0
S Chanderpaul,West Indies,4,22,22,7,7,0,0
MS Chapman,New Zealand,4,24,24,7,7,0,0
PJ Cummins,Australia,8,25,25,7,7,0,0
AR Cusack,Ireland,7,37,33,7,7,0,0
Dawlat Zadran,Afganisthan,7,34,34,7,7,0,0
BR Dunk,Australia,3,5,5,7,5,2,4
AC Evans,SCOT,4,27,25,7,7,0,0
Faheem Ashraf,Pakisthan,2,27,27,7,7,0,0
Fawad Alam,Pakisthan,3,24,24,7,7,0,0
Harbhajan Singh,India,10,28,27,7,7,0,0
Hasan Ali,Pakisthan,3,30,30,7,7,0,0
AW Hawkins-Kay,JER,0,16,16,7,7,0,0
JO Holder,West Indies,5,17,17,7,7,0,0
Imran Tahir,South Africa,6,38,38,7,7,0,0
Iqbal Hussain,QAT,0,15,15,7,7,0,0
JH Kallis,South Africa,7,25,25,7,7,0,0
Kuldeep Yadav,India,2,19,19,7,7,0,0
MJ McClenaghan,New Zealand,6,29,29,7,7,0,0
MW Machan,SCOT,3,13,13,7,7,0,0
AD Mascarenhas,England,2,14,14,7,7,0,0
Mehidy Hasan Miraz,Bangladesh,1,13,13,7,7,0,0
BMAJ Mendis,Sri Lanka,7,22,22,7,7,0,0
AK Mohan,Fin,0,5,5,7,5,2,3
PJ Moor,Zimbabwe,3,21,21,7,7,0,2
Mosaddek Hossain,Bangladesh,3,14,14,7,7,0,0
K Motlhanka,Botsw,0,7,7,7,3,4,3
SP Narine,West Indies,7,51,51,7,7,0,0
H Osinde,CAN,5,11,11,7,7,0,0
MK Pandey,India,4,32,32,7,7,0,0
KH Pandya,India,1,18,18,7,7,0,0
LE Plunkett,England,13,22,22,7,7,0,0
N Pooran,West Indies,3,16,16,7,7,0,3
JD Ryder,New Zealand,6,22,22,7,7,0,0
RR Sarwan,West Indies,3,18,18,7,7,0,0
MD Shanaka,Sri Lanka,4,35,35,7,7,0,0
Simi Singh,Ireland,1,18,18,7,7,0,0
Sohail Tanvir,Pakisthan,10,57,57,7,7,0,0
MP Stoinis,Australia,4,19,18,7,7,0,0
MR Swart,NL,4,26,26,7,7,0,0
R Tari,VAN,0,14,14,7,7,0,0
TP Ura,Papua New Guinea,4,23,23,7,7,0,0
Waqas Barkat,HKG,5,22,22,7,7,0,0
MRJ Watt,SCOT,4,35,33,7,7,0,0
KOK Williams,West Indies,3,24,24,7,7,0,0
Yasir Ali,ESP,0,9,9,7,7,0,0
CA Young,Ireland,4,26,25,7,7,0,0
Abdur Rehman,Pakisthan,6,8,8,6,6,0,0
DS Airee,NEPAL,1,18,18,6,6,0,0
PS Airee,NEPAL,4,11,11,6,5,1,3
Anshuman Rath,HKG,2,20,20,6,6,0,0
Awais Ahmed,ESP,0,9,9,6,5,1,5
NW Bracken,Australia,3,19,19,6,6,0,0
JJ Bumrah,India,3,42,42,6,6,0,0
PVD Chameera,Sri Lanka,3,19,19,6,6,0,0
TLW Cooper,NL,4,18,17,6,6,0,0
FA Cossa,Moz,0,6,5,6,6,0,0
AG Cremer,Zimbabwe,10,29,29,6,6,0,0
ST Finn,England,4,21,21,6,6,0,0
JS Foster,England,0,5,5,6,3,3,3
SO Hetmyer,West Indies,1,20,20,6,6,0,0
SD Hope,West Indies,2,13,13,6,6,0,6
GJ Hopkins,New Zealand,3,10,10,6,4,2,2
Imran Ismail,Moz,0,7,6,6,6,0,5
Janak Prakash,SGP,0,12,12,6,6,0,0
Kamran Khan,QAT,0,14,14,6,6,0,0
Karim Sadiq,Afganisthan,8,36,36,6,6,0,0
B Kumar,India,7,43,43,6,6,0,0
ND Laegsgaard,DEN,0,9,7,6,6,0,0
TWM Latham,New Zealand,5,13,13,6,6,0,4
B Lee,Australia,7,25,25,6,6,0,0
AR McBrine,Ireland,3,19,18,6,6,0,0
PK Matautaava,VAN,0,10,10,6,6,0,0
BAW Mendis,Sri Lanka,6,39,39,6,6,0,0
BKG Mendis,Sri Lanka,3,24,24,6,6,0,0
Mohammad Nawaz,Pakisthan,2,16,16,6,6,0,0
CH Morris,South Africa,7,23,23,6,6,0,0
Muhammad Usman,UAE,3,34,34,6,6,0,0
Nasir Jamshed,Pakisthan,1,18,18,6,6,0,0
AR Nurse,West Indies,8,13,13,6,6,0,0
Nurul Hasan,Bangladesh,1,9,9,6,2,4,2
NN Odhiambo,KENYA,6,24,24,6,6,0,0
HH Patel,West Indies,0,7,7,6,6,0,0
CW Perchard,JER,0,15,15,6,6,0,0
BBJL Perera,ITA,0,8,7,6,6,0,0
AL Phehlukwayo,South Africa,2,23,23,6,6,0,0
Rehman Abdul,ITA,0,7,6,6,6,0,0
S Samarawickrama,Sri Lanka,2,7,7,6,4,2,3
Shafraz Jaleel,Mald,0,4,4,6,4,2,4
HAM Shah,DEN,0,9,7,6,6,0,0
TAM Siriwardana,Sri Lanka,2,22,22,6,6,0,0
P Utseya,Zimbabwe,9,35,35,6,6,0,0
MN van Wyk,South Africa,8,8,8,6,5,1,3
JNT Vare,Papua New Guinea,2,8,8,6,4,2,4
S Vesawkar,NEPAL,5,17,17,6,6,0,0
Virandeep Singh,MAL,0,12,12,6,6,0,0
DF Watts,SCOT,5,11,10,6,6,0,0
Zeeshan Maqsood,OMAN,4,29,28,6,6,0,0
Aarif Sheikh,NEPAL,1,11,11,5,5,0,0
Adnan Ilyas,OMAN,1,12,11,5,5,0,0
KK Ahuja,Mex,0,8,8,5,2,3,1
CJA Amini,Papua New Guinea,4,23,23,5,5,0,0
Anwar Ali,Pakisthan,8,16,16,5,5,0,0
Ariful Haque,Bangladesh,0,9,9,5,5,0,0
SJ Baard,NAM,0,13,13,5,5,0,0
O Bascome,Bermuda,0,11,11,5,4,1,2
PKD Chase,Ireland,1,12,12,5,5,0,0
DT Christian,Australia,7,16,16,5,5,0,0
BCJ Cutting,Australia,4,7,7,5,5,0,0
MD Dai,Papua New Guinea,2,9,9,5,5,0,0
A Dananjaya,Sri Lanka,7,22,22,5,5,0,0
GJ Delany,Ireland,0,17,17,5,5,0,0
NS Dhaliwal,CAN,0,12,12,5,5,0,0
AC Douglas,Bermuda,0,10,10,5,5,0,0
FH Edwards,West Indies,5,20,20,5,5,0,0
Fahad Ali,"",0,3,3,5,4,1,2
Faisal Javed,QAT,0,15,15,5,5,0,0
LB Ferbrache,GUE,0,9,9,5,5,0,0
A Flintoff,England,2,7,7,5,5,0,0
DM Gondaria,KENYA,6,11,11,5,5,0,0
NA Greenwood,JER,0,8,8,5,5,0,0
DAS Gunaratne,Sri Lanka,1,12,12,5,5,0,0
S Hallett,Peru,0,4,4,5,4,1,4
Hilal Ahmad,CZK-R,0,7,7,5,5,0,5
BJ Hodge,Australia,7,15,15,5,5,0,0
Ibrahim Hassan,Mald,0,11,11,5,5,0,0
Jagjit Singh,Peru,0,4,4,5,5,0,0
KM Jarvis,Zimbabwe,8,22,22,5,5,0,0
MG Johnson,Australia,6,30,30,5,5,0,0
EC Joyce,England,8,18,17,5,5,0,0
Junaid Sheikh,NOR,0,5,5,5,5,0,0
D Kansonkho,West Indies,0,7,7,5,5,0,0
Karim Janat,Afganisthan,3,21,21,5,5,0,0
SP Khakurel,NEPAL,1,8,8,5,2,3,2
UT Khawaja,Australia,0,9,9,5,5,0,0
JP Kotze,NAM,0,12,12,5,5,0,0
HG Kuhn,South Africa,8,7,7,5,5,0,4
NR Kumar,CAN,7,18,18,5,5,0,0
AV Lalcheta,OMAN,4,17,16,5,5,0,0
JS Malhotra,South Africa,0,6,6,5,2,3,2
A Mansale,VAN,0,14,14,5,5,0,0
T Maruma,Zimbabwe,11,13,13,5,5,0,0
S Matsikenyeri,Zimbabwe,6,10,10,5,5,0,0
SS McKechnie,HKG,0,10,10,5,4,1,4
EJB Miles,JER,0,14,14,5,5,0,0
AF Milne,New Zealand,8,21,21,5,5,0,0
Mirwais Ashraf,Afganisthan,6,25,25,5,5,0,0
Mohammad Rizwan,Pakisthan,4,16,16,5,3,2,3
Mohammed Nadeem,QAT,0,15,15,5,5,0,0
M Morkel,South Africa,10,44,44,5,5,0,0
CB Mpofu,Zimbabwe,11,30,30,5,5,0,0
Muhammad Tanveer,QAT,0,15,15,5,5,0,0
S Muniandy,MAL,0,15,14,5,5,0,0
C Munoz-Mills,ESP,0,9,9,5,5,0,0
SJ Myburgh,NL,7,33,32,5,5,0,0
JDS Neesham,New Zealand,7,18,18,5,5,0,0
R Nehonde,Botsw,0,7,7,5,5,0,0
OE Newey,GUE,0,7,7,5,4,1,4
RJ Nicol,New Zealand,3,21,21,5,5,0,0
NM Odhiambo,KENYA,9,16,16,5,5,0,0
TM Odoyo,KENYA,6,11,11,5,5,0,0
CN Onwuzulike,NGA,0,9,9,5,5,0,0
R Panchal,ESP,0,9,9,5,5,0,0
WD Parnell,South Africa,8,40,40,5,5,0,0
AR Patel,India,3,11,11,5,5,0,0
MD Patel,South Africa,0,8,8,5,3,2,1
NK Patel,South Africa,0,4,4,5,5,0,0
Rahmanullah Gurbaz,Afganisthan,0,7,7,5,4,1,4
J Rasu,VAN,0,13,13,5,5,0,0
D Ravu,Papua New Guinea,0,17,17,5,5,0,0
JJ Roy,England,4,32,32,5,5,0,0
Sami Sohail,West Indies,0,7,7,5,5,0,0
Sandeep Goud,OMAN,0,12,12,5,5,0,0
E Schiferli,NL,2,7,6,5,5,0,0
Shafiq Sharif,MAL,0,10,9,5,2,3,2
KD Shah,HKG,5,26,26,5,5,0,0
OA Shah,England,2,17,17,5,5,0,0
Shapoor Zadran,Afganisthan,8,34,34,5,5,0,0
Sharjeel Khan,Pakisthan,3,15,15,5,5,0,0
RJ Sidebottom,England,3,18,18,5,5,0,0
LPC Silva,Sri Lanka,5,16,16,5,5,0,0
TB Sole,SCOT,0,9,9,5,5,0,0
GP Swann,England,4,39,39,5,5,0,0
SR Taylor,South Africa,0,8,8,5,5,0,0
SO Tikolo,KENYA,6,15,15,5,5,0,0
AJ Turner,Australia,2,11,11,5,5,0,0
C Viljoen,NAM,0,12,12,5,5,0,0
JM Vince,England,4,12,12,5,5,0,0
Wahab Riaz,Pakisthan,11,31,31,5,5,0,0
B Ward,JER,0,13,13,5,5,0,0
Washington Sundar,India,2,18,18,5,5,0,0
Abdul-Shakoor Rahimzei,GER,0,7,7,4,4,0,0
CN Ackermann,NL,0,11,11,4,4,0,0
Adnan Idrees,KUW,0,6,6,4,4,0,0
Aftab Ahmed,Bangladesh,4,11,11,4,4,0,0
FA Allen,West Indies,1,11,11,4,4,0,0
Amjad Javed,UAE,3,22,22,4,4,0,0
SE Aquilina,MALTA,0,4,4,4,0,4,0
Asad Mohammad,GER,0,9,9,4,4,0,0
MA Baig,West Indies,0,7,7,4,4,0,0
B Banerjee,Mex,0,6,6,4,4,0,3
T Banton,England,0,3,3,4,4,0,0
JP Behrendorff,Australia,2,7,6,4,4,0,0
IR Bell,England,8,8,8,4,4,0,0
TS Bharaj,DEN,0,9,7,4,4,0,0
Meet Bhavsar,KUW,0,9,9,4,4,0,4
MP Biddappa,PHI,0,4,4,4,3,1,3
Bilal Tahir,KUW,0,4,4,4,4,0,0
Bilal Zalmai,Aut,0,5,5,4,3,1,0
PRP Boissevain,NL,0,4,4,4,4,0,0
SE Bond,New Zealand,5,20,20,4,4,0,0
DM Bravo,West Indies,9,20,20,4,4,0,0
NT Broom,New Zealand,8,11,11,4,4,0,0
DE Budge,SCOT,0,6,6,4,4,0,0
RW Chakabva,Zimbabwe,11,12,12,4,4,0,0
TL Chatara,Zimbabwe,9,21,21,4,4,0,0
JW Chilia,VAN,0,14,14,4,4,0,0
K Christie,HKG,0,11,11,4,4,0,0
SR Clark,Australia,1,9,9,4,4,0,0
DDP D'Silva,UAE,0,10,10,4,4,0,0
DAP Darrell,Bermuda,0,11,11,4,4,0,0
TN de Grooth,NL,5,15,14,4,4,0,0
DM de Silva,Sri Lanka,4,13,13,4,4,0,0
PWH de Silva,Sri Lanka,0,8,8,4,4,0,0
S Dhaniram,CAN,2,11,11,4,4,0,0
S Dube,India,0,6,6,4,4,0,0
Ehsan Khan,HKG,3,15,15,4,4,0,0
Elias Sunny,Bangladesh,0,7,7,4,4,0,0
GD Elliott,New Zealand,8,17,17,4,4,0,0
Fahad Tariq,UAE,0,6,6,4,4,0,0
Farhad Reza,Bangladesh,8,13,13,4,4,0,0
O Fournier,CRC,0,2,2,4,4,0,0
PG Fulton,New Zealand,6,12,12,4,4,0,0
PF Gallagher,Fin,0,3,3,4,4,0,0
G Goudie,SCOT,3,9,9,4,4,0,0
TGJ Gruijters,NL,1,8,8,4,4,0,0
K Gupta,Chile,0,4,4,4,3,1,3
OD Hald,DEN,0,9,7,4,4,0,0
Hamza Tahir,SCOT,1,11,11,4,4,0,0
RM Haq,SCOT,6,21,20,4,4,0,0
TM Head,Australia,2,16,16,4,4,0,0
R Hekure,Papua New Guinea,0,8,8,4,4,0,0
DR Hooper,GUE,0,9,9,4,4,0,0
Hussain Talat,Pakisthan,1,14,14,4,4,0,0
DP Hyatt,West Indies,1,5,5,4,4,0,0
Imran Haider,ROM,0,2,2,4,2,2,2
Imrul Kayes,Bangladesh,7,14,14,4,4,0,0
SS Iyer,India,2,14,14,4,4,0,0
ST Jayasuriya,Sri Lanka,5,31,31,4,4,0,0
LM Jongwe,Zimbabwe,1,8,8,4,4,0,0
SHT Kandamby,Sri Lanka,3,5,5,4,4,0,0
G Kansonkho,West Indies,0,6,6,4,4,0,0
AN Kervezee,NL,3,10,10,4,4,0,0
Khalid Latif,Pakisthan,8,13,13,4,4,0,0
BA King,West Indies,0,6,6,4,4,0,0
EB Knowles,CZK-R,0,7,7,4,4,0,0
SC Kuggeleijn,New Zealand,0,9,9,4,4,0,0
Kuldeep Lal,ESP,0,8,8,4,4,0,0
RE Levi,South Africa,0,13,13,4,4,0,0
N Madziva,Zimbabwe,4,15,15,4,4,0,0
MSS Mandy,Chile,0,4,4,4,4,0,0
MR Marsh,Australia,7,11,11,4,4,0,0
XM Marshall,West Indies,11,13,13,4,4,0,0
WP Masakadza,Zimbabwe,4,12,12,4,4,0,0
Md Nurul Huda,Fin,0,5,5,4,4,0,0
AS Mehmi,"",0,3,3,4,4,0,0
Mohammad Amir,Pakisthan,10,48,48,4,4,0,0
Mohammad Ashraful,Bangladesh,6,23,23,4,4,0,0
Mohammad Boota,UAE,0,16,16,4,3,1,2
Mohammad Naveed,UAE,4,31,31,4,4,0,0
Muhammad Awais,"",0,3,3,4,3,1,3
GRD Munasinghe,ITA,0,8,7,4,4,0,0
A Nehra,India,8,27,27,4,4,0,0
A Neill,SCOT,0,5,5,4,4,0,0
SN Netravalkar,South Africa,0,8,8,4,4,0,0
N Nipiko,VAN,0,14,14,4,4,0,0
Noor Ali Zadran,Afganisthan,7,20,20,4,4,0,0
AA Obanda,KENYA,12,30,30,4,4,0,0
JS Patel,New Zealand,3,11,11,4,4,0,0
RK Paudel,NEPAL,0,11,11,4,4,0,0
N Pokana,Papua New Guinea,3,19,19,4,4,0,0
S Prasanna,Sri Lanka,4,20,20,4,4,0,0
AT Rayudu,India,2,6,6,4,4,0,0
B Regmi,NEPAL,5,18,18,4,4,0,0
MJ Richardson,GER,0,3,3,4,1,3,1
MJG Rippon,NL,5,18,17,4,4,0,0
PADLR Sandakan,Sri Lanka,2,14,14,4,4,0,0
Saqlain Haider,UAE,0,6,6,4,4,0,0
T Shamsi,South Africa,2,16,16,4,4,0,0
I Sharma,India,5,14,14,4,4,0,0
B Shikongo,NAM,0,11,11,4,4,0,0
Sikander Zulfiqar,NL,3,11,11,4,4,0,0
Simandeep Singh,HKG,0,7,7,4,4,0,0
Sohaib Maqsood,Pakisthan,3,20,20,4,4,0,0
ES Szwarczynski,NL,5,14,13,4,4,0,0
Tanwir Afzal,HKG,2,21,21,4,4,0,0
RN ten Doeschate,NL,11,22,21,4,4,0,0
C Tommy,VAN,0,12,12,4,4,0,0
I Udana,Sri Lanka,10,27,27,4,4,0,0
Umar Amin,Pakisthan,5,14,14,4,4,0,0
DLS van Bunge,NL,5,14,13,4,4,0,0
RR Watson,SCOT,3,10,9,4,4,0,0
K Weeraratne,Sri Lanka,1,5,5,4,4,0,0
Yasir Shah,Pakisthan,0,2,2,4,4,0,0
Ziaur Rahman,Bangladesh,2,14,14,4,4,0,0
MR Adair,Ireland,0,17,17,3,3,0,0
S Adedeji,NGA,0,6,6,3,3,0,0
Afif Hossain,Bangladesh,1,8,8,3,3,0,0
Aftab Alam,Afganisthan,6,12,12,3,3,0,0
KK Ahmed,India,1,14,14,3,3,0,0
Ainool Haqqiem,MAL,0,4,4,3,1,2,1
TP Allen,South Africa,0,5,5,3,3,0,0
Al-Amin Hossain,Bangladesh,6,28,26,3,3,0,0
Amir Mangal,GER,0,9,9,3,3,0,0
JM Anderson,England,2,19,19,3,3,0,0
Anowarul Islam,THAI,0,4,4,3,3,0,0
P Arrighi,Arg,0,5,5,3,3,0,0
Asad Shafiq,Pakisthan,2,10,10,3,3,0,0
NJ Astle,New Zealand,1,4,4,3,3,0,0
TD Astle,New Zealand,3,3,3,3,3,0,0
AJ Ayannaike,NGA,0,3,3,3,2,1,2
F Baaleri,Ghana,0,4,4,3,3,0,1
Babar Ali,BAH,0,3,3,3,3,0,0
V Balakrishnan,Botsw,0,3,3,3,3,0,0
OGL Bascome,Bermuda,0,11,11,3,3,0,0
V Baskaran,SGP,0,12,12,3,3,0,0
C Bisson,JER,0,14,14,3,3,0,0
A Bohara,NEPAL,0,17,17,3,3,0,0
DG Brownlie,New Zealand,4,5,5,3,3,0,0
IG Butler,New Zealand,4,19,19,3,3,0,0
J Butler,GUE,0,9,9,3,3,0,0
C Carter,HKG,2,10,10,3,2,1,2
C Chete,West Indies,0,2,2,3,3,0,3
LA Collado,GIBR,0,4,4,3,2,1,2
PC Connell,Ireland,2,9,8,3,3,0,0
TK Curran,England,2,15,15,3,3,0,0
CJ Dala,South Africa,1,9,9,3,3,0,0
SM Davies,England,2,5,5,3,2,1,2
CD de Lange,SCOT,2,8,7,3,3,0,0
Delawar Khan,DEN,0,9,7,3,3,0,0
BFW de Leede,NL,1,8,8,3,3,0,0
JL Denly,England,10,10,10,3,3,0,0
N Dutta,CAN,0,11,11,3,3,0,0
LH Ferguson,New Zealand,2,8,8,3,3,0,0
CRD Fernando,Sri Lanka,10,18,18,3,3,0,0
Fiaz Ahmed,BAH,0,4,4,3,3,0,0
Fitri Sham,MAL,0,15,14,3,3,0,0
SC Getkate,Ireland,0,14,14,3,3,0,0
D Gim,NGA,0,6,6,3,3,0,0
BD Glover,NL,0,19,19,3,3,0,0
LF Goncalves,"",0,3,3,3,1,2,1
Z Groenewald,NAM,0,10,10,3,3,0,0
GM Hamilton,SCOT,3,12,11,3,3,0,0
Haris Sohail,Pakisthan,6,14,14,3,3,0,0
BE Hendricks,South Africa,5,11,11,3,3,0,0
MC Henriques,Australia,8,11,11,3,3,0,0
JR Hopes,Australia,5,12,12,3,3,0,0
Ibrarul Haq,Saudi,0,5,5,3,3,0,0
Imran Farhat,Pakisthan,1,7,7,3,3,0,0
Imran Khan,Pakisthan,0,3,3,3,3,0,0
Inam-ul-Haq,QAT,0,11,11,3,3,0,0
MM Iqbal,SCOT,1,6,6,3,3,0,0
Izatullah Dawlatzai,Afganisthan,7,14,14,3,3,0,0
Jahurul Islam,Bangladesh,3,3,3,3,3,0,0
GSNFG Jayasuriya,Sri Lanka,4,16,16,3,3,0,0
S Jora,NEPAL,0,6,6,3,3,0,0
I Katzarski,"",0,3,3,3,3,0,0
S Kaveri,Mex,0,7,7,3,3,0,0
JM Kemp,South Africa,2,8,8,3,3,0,0
Khurram Nawaz,OMAN,2,18,18,3,3,0,0
J Kila,Papua New Guinea,0,12,12,3,3,0,0
AK Kitchen,New Zealand,1,5,4,3,3,0,0
RAS Lakmal,Sri Lanka,8,11,11,3,3,0,0
S Lamichhane,ICC/NEPAL,1,18,18,3,3,0,0
KS Leverock,Bermuda,0,12,12,3,3,0,0
CA Lynn,Australia,4,18,17,3,3,0,0
WK McCallan,Ireland,1,9,8,3,3,0,0
R McLaren,South Africa,5,12,12,3,3,0,0
CD McMillan,New Zealand,2,8,8,3,3,0,0
WJ Malinda,Mald,0,3,3,3,3,0,0
SE Marsh,Australia,8,15,15,3,3,0,0
RD McCann,Ireland,0,3,3,3,1,2,1
Md Shafiqul Haque,THAI,0,4,4,3,1,2,1
GP Meade,ITA,0,8,7,3,3,0,0
Mehran Khan,OMAN,4,19,18,3,3,0,0
T Mishra,KENYA,6,15,15,3,3,0,0
Mohamed Rishwan,Mald,0,11,11,3,3,0,0
Mohammad Asif,Pakisthan,4,11,11,3,3,0,0
Mohammad Mithun,Bangladesh,5,14,12,3,3,0,0
Mohammad Saifuddin,Bangladesh,2,13,13,3,3,0,0
Mohammad Sami,Pakisthan,6,13,13,3,3,0,0
JM Muirhead,Australia,0,5,5,3,3,0,0
Mujeeb Ur Rahman,Afganisthan,1,16,16,3,3,0,0
AA Mulla,CAN,0,4,4,3,1,2,1
T Munyonga,Zimbabwe,0,5,5,3,3,0,0
TJ Murtagh,Ireland,4,14,14,3,3,0,0
Najeeb Tarakai,Afganisthan,5,12,12,3,3,0,0
M Nasim Baras,Afganisthan,0,3,3,3,3,0,0
A Ndlovu,Zimbabwe,0,3,3,3,3,0,0
PM Nevill,Australia,0,9,9,3,2,1,2
DO Obuya,KENYA,5,10,10,3,2,1,1
H Patel,CAN,3,11,11,3,3,0,0
SR Patel,England,2,18,18,3,3,0,0
JL Pattinson,Australia,1,4,4,3,3,0,0
Pavandeep Singh,MAL,0,10,10,3,3,0,0
RW Price,Zimbabwe,4,16,16,3,3,0,0
S Qeshile,South Africa,0,2,2,3,3,0,3
K Rabada,South Africa,5,21,21,3,3,0,0
LN Rajbanshi,NEPAL,1,12,12,3,3,0,0
Aminuddin Ramly,MAL,0,10,9,3,3,0,0
S Ravikumar,CRC,0,3,3,3,3,0,0
AJ Redmond,New Zealand,1,7,7,3,3,0,0
KA Reynolds,Blz,0,3,3,3,3,0,0
MJ Ross,ITA,0,8,7,3,3,0,0
Saad Bin Zafar,CAN,0,11,11,3,3,0,0
Sajid Cheema,Saudi,0,5,5,3,3,0,0
Salman Butt,Pakisthan,3,24,24,3,3,0,0
P Sarraf,NEPAL,0,9,9,3,3,0,0
BM Scholtz,NAM,0,14,14,3,3,0,0
SMSM Senanayake,Sri Lanka,4,24,24,3,3,0,0
Shahzaib Hasan,Pakisthan,1,10,10,3,3,0,0
D Sheeli,KUW,0,3,3,3,3,0,0
NK Shetty,Mex,0,2,2,3,3,0,0
Shiraz Khan,KUW,0,6,6,3,3,0,0
P Silas,Botsw,0,4,4,3,3,0,0
VS Solanki,England,2,3,3,3,3,0,2
MWR Stokes,GUE,0,9,9,3,3,0,0
AO Suji,KENYA,3,8,8,3,3,0,0
CR Suryawanshi,SGP,0,3,3,3,3,0,0
A Symonds,Australia,4,14,14,3,3,0,0
SW Tait,Australia,9,21,21,3,3,0,0
SN Thakur,India,0,7,7,3,3,0,0
OFJ Tonuu,Samoa,0,4,4,3,3,0,3
JD Unadkat,India,2,10,10,3,3,0,0
LV van Beek,NL,2,8,8,3,3,0,0
HE van der Dussen,South Africa,1,9,9,3,3,0,0
M Vijay,India,5,9,9,3,3,0,0
TP Visee,NL,4,27,26,3,3,0,0
AC Voges,Australia,6,7,7,3,3,0,0
C Waiswa,UGA,0,4,4,3,3,0,0
HR Walsh,West Indies,0,13,13,3,3,0,0
BJ Watling,New Zealand,5,5,5,3,3,0,2
UT Yadav,India,7,7,7,3,3,0,0
KJ Young,Blz,0,3,3,3,3,0,3
SA Abbott,Australia,5,4,4,2,2,0,0
Abdullah Akbarjan,Aut,0,5,5,2,2,0,0
Abdul Razzaq,Pakisthan,7,32,32,2,2,0,0
Abdul Shakoor,ROM,0,2,2,2,1,1,1
AS Abioye,NGA,0,5,5,2,2,0,0
IKO Aboagye,Ghana,0,4,4,2,2,0,0
Abu Hider,Bangladesh,2,13,12,2,2,0,0
Abdul Hashmi,DEN,0,8,6,2,1,1,1
Ahmed Faiz,MAL,0,10,9,2,2,0,0
CM Akachukwu,NGA,0,8,8,2,2,0,0
DI Allan,KENYA,1,10,10,2,2,0,0
Alok Kapali,Bangladesh,4,7,7,2,2,0,0
TR Ambrose,England,0,1,1,2,1,1,1
Amjad Khan,UAE,1,4,4,2,2,0,0
Amjad Mahboob,SGP,0,11,11,2,2,0,0
Amjad Sher,Fin,0,5,5,2,2,0,0
Anamul Haque,Bangladesh,3,13,12,2,2,0,1
Anique Uddin,DEN,0,6,5,2,2,0,0
R Ankad,Mex,0,8,8,2,2,0,0
Anwar Arudin,MAL,0,12,11,2,2,0,0
Anwar Rahman,MAL,0,9,8,2,2,0,0
Areeb Quadir,Fin,0,2,2,2,2,0,0
Ashfaq Ahmed,UAE,1,12,12,2,2,0,0
MNM Aslam,KUW,0,6,6,2,2,0,0
Asrar Ahmed,"",0,3,3,2,2,0,0
AA Banner,Blz,0,3,3,2,2,0,0
GG Banner,Blz,0,3,3,2,2,0,0
LJ Barker,GUE,0,9,9,2,2,0,0
GEF Barnett,CAN,2,5,5,2,2,0,0
CD Barnwell,West Indies,2,6,6,2,2,0,0
A Bhagwat,HKG,0,4,4,2,2,0,2
M Bhanuka,Sri Lanka,0,2,2,2,2,0,2
RA Bhatti,CAN,0,4,4,2,1,1,1
DE Bollinger,Australia,3,9,9,2,2,0,0
JP Bray,Ireland,0,2,2,2,2,0,0
GB Brent,Zimbabwe,1,3,3,2,2,0,0
PR Brown,England,0,4,4,2,2,0,0
AF Buurman,NL,0,4,4,2,1,1,1
VD Chandra,PNM,0,3,3,2,2,0,2
BB Chari,Zimbabwe,0,3,3,2,2,0,0
PP Chawla,India,2,7,7,2,2,0,0
CK Coventry,Zimbabwe,5,13,13,2,2,0,1
KM Dabengwa,Zimbabwe,4,8,8,2,2,0,0
F Damiao Couana,Moz,0,7,6,2,2,0,0
P Danci,ROM,0,2,2,2,2,0,0
RR David,CAN,0,4,4,2,2,0,0
JM Davison,CAN,2,5,5,2,2,0,0
LA Dawson,England,2,6,6,2,2,0,0
TB de Bruyn,South Africa,0,2,2,2,2,0,0
N Deonarine,West Indies,3,8,8,2,2,0,0
AP Devcich,New Zealand,1,4,4,2,2,0,0
R Dhawan,India,0,1,1,2,2,0,0
GD Drummond,SCOT,5,17,17,2,2,0,0
L Emilio,Moz,0,5,4,2,2,0,0
GDR Eranga,CAN,0,9,9,2,2,0,0
Faran Afzal,ESP,0,9,9,2,2,0,0
Fayyaz Butt,OMAN,0,14,14,2,2,0,0
A Ferguson,Arg,0,5,5,2,2,0,0
N Pradeep,Sri Lanka,3,14,14,2,2,0,0
WIA Fernando,Sri Lanka,0,10,10,2,2,0,0
NJ Ferraby,JER,0,14,14,2,2,0,0
SP Fleming,New Zealand,1,5,5,2,2,0,0
DR Flynn,New Zealand,4,5,5,2,2,0,0
JD Freyone,GIBR,0,4,4,2,2,0,0
GC Galanis,"",0,2,2,2,2,0,0
V Ganesan,GER,0,4,4,2,2,0,0
CJ Gannon,South Africa,0,4,4,2,2,0,0
Habib Ahmadzai,Aut,0,5,5,2,2,0,0
Hamid Hassan,Afganisthan,6,22,22,2,2,0,0
Hammad Azam,Pakisthan,1,5,5,2,2,0,0
Jandu Hamoud,KUW,0,6,6,2,2,0,0
AS Hansra,CAN,1,8,8,2,2,0,0
Haseeb Amjad,HKG,2,18,18,2,2,0,0
JW Hastings,Australia,6,9,9,2,2,0,0
C Hauptfleisch,Caym,0,5,5,2,1,1,1
Hazratullah Zazai,Afganisthan,3,13,13,2,2,0,0
L Hermida,Mex,0,5,5,2,2,0,0
D Heyliger,CAN,0,11,11,2,2,0,0
RM Hira,New Zealand,1,15,15,2,2,0,0
Hirenkumar Patel,Chile,0,4,4,2,2,0,0
S Hirugade,Mex,0,6,6,2,2,0,0
Imran Anwar,BAH,0,4,4,2,2,0,0
Imran Ali,KUW,0,4,4,2,2,0,0
CA Ingram,South Africa,2,9,9,2,2,0,0
Irfan Ahmed,HKG,1,8,8,2,2,0,0
Ismat Ullah,"",0,4,4,2,2,0,0
H Ivanov,"",0,3,3,2,2,0,2
Joginder Sharma,India,0,4,4,2,2,0,0
GO Jones,England,1,2,2,2,2,0,2
MBS Jonkman,NL,0,3,3,2,2,0,0
Junaid Siddiqui,CAN,7,13,13,2,2,0,0
Junaid Siddique,UAE,0,8,8,2,2,0,0
Karweng NG,PHI,0,4,4,2,2,0,0
MS Kasprowicz,Australia,0,2,2,2,2,0,0
SM Katich,Australia,1,3,3,2,2,0,0
Z Khan,India,6,17,17,2,2,0,0
Khurram Khan,UAE,0,3,3,2,2,0,0
M Klinger,Australia,0,3,3,2,2,0,0
HGJM Kulatunga,Sri Lanka,0,2,2,2,2,0,0
JS Kundi,KENYA,0,6,6,2,2,0,0
A Lark,Aut,0,5,5,2,2,0,0
LC Le Tissier,GUE,0,9,9,2,2,0,0
JB Little,Ireland,3,11,11,2,2,0,0
MF Maharoof,Sri Lanka,10,8,8,2,2,0,0
NA Maiolo,ITA,0,8,7,2,2,0,0
DJ Malan,England,2,9,9,2,2,0,0
JN Malan,South Africa,0,2,2,2,2,0,0
A Manousis,"",0,3,3,2,2,0,0
Mansoor Amjad,Pakisthan,0,1,1,2,2,0,0
A Martin,West Indies,0,1,1,2,2,0,0
SW Masakadza,Zimbabwe,3,7,7,2,2,0,0
WT Mashinge,Zimbabwe,0,2,2,2,2,0,0
NO Miller,West Indies,5,9,9,2,2,0,0
SF Mire,Zimbabwe,1,9,9,2,2,0,0
Mohammad Ghazanfar,HKG,0,5,5,2,2,0,0
Mohammad Naim,Bangladesh,0,3,3,2,2,0,0
Mohammad Salman,Pakisthan,0,1,1,2,1,1,1
Mohammed Asghar,KUW,0,4,4,2,2,0,0
Mohammed Nurji,West Indies,0,6,6,2,2,0,0
RS Morton,West Indies,4,7,7,2,2,0,0
Muhammad Kashif,KUW,0,10,10,2,2,0,0
Muhammad Nadeem,Saudi,0,5,5,2,2,0,0
RG Mukasa,UGA,0,4,4,2,2,0,0
Mukhtar Ahmed,Pakisthan,0,6,6,2,2,0,0
J Mulder,Ireland,1,8,8,2,2,0,0
G Murali,CRC,0,3,3,2,2,0,2
Murid Ekrami,Belg,0,3,3,2,2,0,0
TK Musakanda,Zimbabwe,0,6,6,2,2,0,0
LA Musiani,Arg,0,5,5,2,2,0,0
CT Mutombodzi,Zimbabwe,6,13,13,2,2,0,0
B Muzarabani,Zimbabwe,0,6,6,2,2,0,0
Naeem Islam,Bangladesh,5,10,10,2,2,0,0
Nanda Kumar,CRC,0,3,3,2,2,0,0
N Nankov,"",0,3,3,2,2,0,0
Naved-ul-Hasan,Pakisthan,4,4,4,2,2,0,0
Nawazish Jezuli,Saudi,0,1,1,2,2,0,2
Najmul Hossain Shanto,Bangladesh,0,2,2,2,2,0,0
Nazmul Islam,Bangladesh,0,13,13,2,2,0,0
Nazwan Ismail,Mald,0,3,3,2,2,0,0
P Negi,India,0,1,1,2,2,0,0
K Nestor,GIBR,0,4,4,2,2,0,0
G Nikitas,"",0,2,2,2,0,2,0
Noor Momand,Belg,0,2,2,2,2,0,2
F Nsubuga,UGA,0,3,3,2,2,0,0
M Ntini,South Africa,6,10,10,2,2,0,0
GH O'Brien,Bermuda,11,11,11,2,2,0,0
SA Okpe,NGA,0,8,8,2,2,0,0
LN Oluoch,KENYA,6,10,10,2,2,0,0
AA Onikoyi,NGA,0,9,9,2,2,0,2
E Otieno,KENYA,7,18,18,2,2,0,0
KO Otieno,KENYA,0,4,4,2,2,0,0
HC Overdijk,NL,1,4,3,2,2,0,0
AM Oyede,NGA,0,8,8,2,2,0,0
T Panyangara,Zimbabwe,3,14,14,2,2,0,0
AE Paraam,SGP,0,3,3,2,2,0,0
SD Parry,England,1,5,5,2,2,0,0
IK Pathan,India,6,24,23,2,2,0,0
KMA Paul,West Indies,1,18,18,2,2,0,0
T Perera,Botsw,0,6,6,2,2,0,0
JE Pitcher,Bermuda,0,3,3,2,2,0,0
OL Pitcher,Bermuda,0,3,3,2,2,0,0
SM Pollock,South Africa,3,12,12,2,2,0,0
NS Poonia,SCOT,3,8,7,2,2,0,0
A Poulose,OMAN,0,3,3,2,2,0,0
DBL Powell,West Indies,0,5,5,2,2,0,0
AD Poynter,Ireland,4,19,17,2,2,0,0
A Pusthay,Fin,0,5,5,2,2,0,0
Qadeer Ahmed,UAE,4,10,10,2,2,0,0
Raees Ahmadzai,Afganisthan,0,8,8,2,2,0,0
Raag Kapur,HKG,0,4,4,2,2,0,0
S Rakshit,CZK-R,0,7,7,2,2,0,0
R Rampaul,West Indies,8,23,23,2,2,0,0
Raza-ur-Rehman,CAN,1,5,5,2,2,0,0
Raza Hasan,Pakisthan,2,10,10,2,2,0,0
DJ Reekers,NL,1,6,5,2,2,0,0
GA Reynold,Blz,0,3,3,2,2,0,0
LH Rodrigues,"",0,4,4,2,2,0,0
R Rohan,SGP,0,10,10,2,2,0,0
S Rossi,Arg,0,5,5,2,2,0,0
Saber Zakhil,Belg,0,3,3,2,2,0,0
S Saeed,Mald,0,5,5,2,2,0,0
Sagar Pun,NEPAL,1,9,9,2,2,0,0
Sahibzada Farhan,Pakisthan,0,3,3,2,2,0,0
J Salazar,Peru,0,2,2,2,2,0,0
Saqib Zulfiqar,NL,1,6,6,2,2,0,0
A Sathya,Mex,0,3,3,2,2,0,0
V Sehwag,India,6,19,18,2,2,0,0
Shaikh Ashraf,Peru,0,4,4,2,2,0,0
Shakeel Ansar,Pakisthan,0,2,2,2,1,1,1
PH Shamdasani,Peru,0,4,4,2,2,0,0
Shamsur Rahman,Bangladesh,1,9,8,2,2,0,0
V Shankar,India,1,9,9,2,2,0,0
Shoaib Akhtar,Pakisthan,4,15,15,2,2,0,0
Shoaib Ali,Saudi,0,5,5,2,2,0,0
Shoaib Qureshi,Fin,0,5,5,2,2,0,0
Sidhant Singh,SGP,0,8,8,2,2,0,0
RP Singh,India,2,10,9,2,2,0,0
L Sipamla,South Africa,0,5,5,2,2,0,0
S Smith,Bermuda,0,5,5,2,2,0,2
S Snater,NL,1,13,12,2,2,0,0
Sohag Gazi,Bangladesh,3,10,10,2,2,0,0
CA Soper,Papua New Guinea,4,13,13,2,2,0,0
S Sreesanth,India,2,10,9,2,2,0,0
H Srinivasan,GER,0,1,1,2,1,1,1
JH Stander,SCOT,3,11,11,2,2,0,0
F Stoman,PORT,0,4,4,2,1,1,1
DC Stovell,Bermuda,0,6,6,2,2,0,0
GM Strydom,Caym,0,6,6,2,2,0,0
JTS Sumerauer,JER,0,8,8,2,2,0,0
K Suttisan,THAI,0,2,2,2,2,0,0
Syed Aziz,MAL,0,14,13,2,2,0,0
Tahir Dar,BAH,0,4,4,2,2,0,0
Tauqeer Hussain,ESP,0,4,4,2,2,0,0
WU Tharanga,Sri Lanka,12,26,26,2,2,0,0
J Theron,South Africa,2,9,9,2,2,0,0
RA Thomas,CAN,0,8,8,2,2,0,0
GJ Thompson,Ireland,3,10,10,2,2,0,0
T Thushara,Sri Lanka,2,6,6,2,2,0,0
DT Tiripano,Zimbabwe,3,10,10,2,2,0,0
MK Tiwary,India,1,3,3,2,2,0,0
JC Tredwell,England,2,17,16,2,2,0,0
ME Trescothick,England,1,3,3,2,2,0,0
T Tshose,Botsw,0,2,2,2,2,0,0
E Ul Haq,NOR,0,5,5,2,2,0,0
Umar Adam,Mald,0,11,11,2,2,0,0
RV Uthappa,India,8,13,12,2,2,0,1
R van der Merwe,Arg,0,5,5,2,2,0,0
S Vashisht,ROM,0,3,3,2,2,0,0
Vichanath Singh,THAI,0,4,4,2,2,0,0
Vinod Kumar,ESP,0,3,3,2,2,0,0
BV Vitori,Zimbabwe,4,11,11,2,2,0,0
Waheed Ahmed,UAE,0,10,10,2,2,0,0
SR Welsh,CAN,0,1,1,2,2,0,0
AR White,Ireland,4,18,17,2,2,0,0
CG Williams,NAM,0,13,13,2,2,0,0
OR Willis,Caym,0,3,3,2,1,1,0
C Wright,Caym,0,6,6,2,2,0,0
Yasar Haroon,"",0,4,4,2,2,0,0
Yusuf Ebrahim,PNM,0,3,3,2,2,0,0
Zahoor Khan,UAE,2,18,18,2,2,0,0
C Zhuwao,Zimbabwe,10,7,7,2,2,0,0
Zishan Shah,DEN,0,6,4,2,2,0,0
B Zuiderent,NL,1,6,6,2,2,0,0
M Abdulla,West Indies,0,5,5,1,1,0,0
Abdul Shakoor,UAE,4,6,6,1,0,1,0
Abdul Wahid,Saudi,0,5,5,1,1,0,0
Abraash Khan,CAN,0,7,7,1,1,0,0
Abrar Bilal,Aut,0,3,3,1,0,1,0
Abu Jayed,Bangladesh,0,3,3,1,1,0,0
AR Adams,New Zealand,1,4,4,1,1,0,0
VD Adewoye,NGA,0,7,7,1,1,0,0
Afsar Zazai,Afganisthan,0,1,1,1,0,1,0
GJ Agius,MALTA,0,2,2,1,1,0,0
P Agnihotri,NOR,0,2,2,1,1,0,0
SA Ahmad,DEN,0,5,3,1,1,0,0
Ahmed Hassan,Mald,0,11,11,1,1,0,0
GW Aldridge,New Zealand,0,1,1,1,1,0,0
Amir Ali,OMAN,1,10,9,1,1,0,0
Amjad Ali,UAE,1,5,5,1,1,0,0
Anam Mollik,ITA,0,2,2,1,1,0,0
Anasim Khan,BAH,0,4,4,1,1,0,0
Aqib Iqbal,Aut,0,5,5,1,1,0,0
S Arachchige,ITA,0,4,4,1,1,0,0
Arafat Sunny,Bangladesh,2,10,10,1,1,0,0
Aritra Dutta,SGP,0,8,8,1,1,0,0
P Arora,Mex,0,2,2,1,1,0,0
U Aryaman Sunil,SGP,0,2,2,1,1,0,0
Ashiqullah Said,Belg,0,3,3,1,1,0,0
A Ashokan,CZK-R,0,2,2,1,1,0,0
Aslam Mohammad,"",0,3,3,1,1,0,0
SK Atai,Papua New Guinea,0,2,2,1,1,0,0
V Ateak,Ghana,0,4,4,1,1,0,0
Atif Kamal,LUX,0,4,4,1,1,0,0
MS Aulakh,CAN,1,3,3,1,1,0,0
Avi Dixit,SGP,0,1,1,1,1,0,0
Awais Malik,QAT,0,11,11,1,1,0,0
MO Bacarese,GIBR,0,3,3,1,1,0,0
KS Bagabena,Ghana,0,4,4,1,1,0,0
JD Baker,Samoa,0,4,4,1,1,0,0
G Bakiweyem,Ghana,0,3,3,1,1,0,0
WD Balaji Rao,CAN,0,4,4,1,1,0,0
Baljit Singh,ITA,0,8,7,1,1,0,0
JT Ball,England,0,2,2,1,1,0,0
CT Bancroft,Australia,0,1,1,1,1,0,1
HMCM Bandara,Sri Lanka,3,4,4,1,1,0,0
S Bantzas,"",0,1,1,1,1,0,0
AB Barath,West Indies,1,2,2,1,1,0,0
J Barker,LUX,0,4,4,1,1,0,0
P Baron,Arg,0,5,5,1,1,0,0
OO Bascome,Bermuda,11,3,3,1,1,0,0
T Bavuma,South Africa,0,2,2,1,1,0,0
RL Bhudia,KENYA,0,3,3,1,1,0,0
SR Bhudia,KENYA,0,4,4,1,1,0,0
Bilawal Bhatti,Pakisthan,2,9,9,1,1,0,0
TR Birt,Australia,2,4,4,1,1,0,0
D Bishoo,West Indies,8,7,7,1,1,0,0
JAR Blain,SCOT,1,6,5,1,1,0,0
TA Blundell,New Zealand,1,3,3,1,1,0,1
SM Boland,Australia,0,3,3,1,1,0,0
SG Borthwick,England,0,1,1,1,1,0,0
LE Bosman,South Africa,4,14,14,1,1,0,0
IDR Bradshaw,West Indies,0,1,1,1,1,0,0
DR Briggs,England,2,7,6,1,1,0,0
N Buckle,GUE,0,3,3,1,1,0,0
J Bulele,Moz,0,7,6,1,1,0,0
DE Burgess,Samoa,0,4,4,1,1,0,0
DK Butler,West Indies,0,1,1,1,1,0,0
CL Cairns,New Zealand,1,2,2,1,1,0,0
JD Campbell,West Indies,0,2,2,1,1,0,0
RJ Campbell,HKG,0,3,3,1,1,0,0
MA Carberry,England,0,1,1,1,1,0,0
NM Carter,SCOT,0,7,7,1,1,0,0
P Chandran,Mex,0,3,3,1,1,0,0
N Chejay,BHU,0,1,1,1,1,0,0
TS Chisoro,Zimbabwe,3,12,12,1,1,0,0
AN Cook,England,2,4,4,1,1,0,0
J Cutinho,CRC,0,3,3,1,1,0,0
DK Dahyabhai Ahir,PNM,0,2,2,1,1,0,0
JWM Dalrymple,England,1,3,3,1,1,0,0
H Dandapani,Fin,0,5,5,1,1,0,0
K Dasan,"",0,3,3,1,1,0,0
AS Dean,CAN,5,2,2,1,1,0,0
M de Lange,South Africa,3,6,6,1,1,0,0
CJ Delany,GIBR,0,4,4,1,1,0,0
SI de Saram,Sri Lanka,0,1,1,1,1,0,0
PC de Silva,Sri Lanka,0,2,2,1,1,0,0
Dhiman Ghosh,Bangladesh,0,1,1,1,0,1,0
AB Dinda,India,3,9,9,1,1,0,0
LA Dunbar,Serb,0,2,2,1,1,0,1
AB Dursak,TKY,0,4,4,1,1,0,0
G Dutta,Mex,0,7,7,1,1,0,0
J Edness,Bermuda,0,3,3,1,0,1,0
RMS Eranga,Sri Lanka,1,3,3,1,1,0,0
L Evile,Samoa,0,4,4,1,1,0,0
M Faheem,THAI,0,4,4,1,1,0,0
Faisal Khan,Saudi,0,4,4,1,1,0,0
Fareed Ahmad,Afganisthan,3,14,14,1,1,0,0
Farhan Ahmed,UAE,0,3,3,1,1,0,0
Fayyaz Ahmed,UAE,0,1,1,1,1,0,0
CJ Ferguson,Australia,0,3,3,1,1,0,0
SE Findlay,West Indies,0,2,2,1,1,0,0
JA Fitzgerald,GIBR,0,4,4,1,1,0,0
BT Foakes,England,0,1,1,1,1,0,1
CR Foggo,Bermuda,0,3,3,1,1,0,0
TS Fray,Bermuda,0,10,10,1,1,0,0
C Fry,LUX,0,3,3,1,1,0,0
R Frylinck,South Africa,1,3,3,1,1,0,0
ST Gabriel,West Indies,0,2,2,1,1,0,0
WT Gavera,Papua New Guinea,2,6,6,1,1,0,0
Gershon Yusuf,NGA,0,1,1,1,1,0,0
MR Gillespie,New Zealand,2,11,11,1,1,0,0
R Goodwin,PHI,0,4,4,1,1,0,0
JOA Gordon,CAN,6,7,7,1,1,0,0
TG Gordon,CAN,0,3,3,1,1,0,0
K Gore,South Africa,0,4,4,1,1,0,0
H Gori,CZK-R,0,7,7,1,1,0,0
S Goud,CZK-R,0,1,1,1,1,0,0
AM Guruge,UAE,1,5,5,1,1,0,0
Hafez Farooq,Peru,0,4,4,1,1,0,0
OJ Hairs,SCOT,0,8,8,1,1,0,0
Hamza Dar,ESP,0,1,1,1,1,0,0
SJ Harmison,England,1,2,2,1,1,0,0
NM Hauritz,Australia,0,3,3,1,1,0,0
ML Hayden,Australia,2,9,9,1,1,0,0
JR Hazlewood,Australia,3,7,7,1,1,0,0
MJ Henry,New Zealand,3,6,6,1,1,0,0
WW Hinds,West Indies,4,5,5,1,1,0,0
GB Hogg,Australia,8,15,15,1,1,0,0
Z Hoque,THAI,0,3,3,1,1,0,0
JM How,New Zealand,1,5,5,1,1,0,0
MG Hunter,GIBR,0,4,4,1,1,0,0
JJ Huo,Moz,0,7,6,1,1,0,0
J Hurley,Arg,0,3,3,1,1,0,0
A Husain,Arg,0,5,5,1,1,0,0
GM Hyde,Blz,0,3,3,1,1,0,0
Ibrahim Nashath,Mald,0,3,3,1,1,0,0
Ibrahim Rizan,Mald,0,5,5,1,1,0,0
Ibrahim Zadran,Afganisthan,0,3,3,1,1,0,0
AF Ifill,Caym,0,6,6,1,1,0,0
Iftikhar Ahmed,Pakisthan,3,6,6,1,1,0,0
Ilyas Ahmed,KUW,0,6,6,1,1,0,0
Imran Ashraf,QAT,0,3,3,1,1,0,0
Imran Haider,UAE,3,11,11,1,1,0,0
PJ Ingram,New Zealand,0,3,3,1,1,0,0
DF Jacobs,THAI,0,4,4,1,1,0,0
KM Jadhav,India,2,9,9,1,1,0,0
S Jamil,Belg,0,3,3,1,1,0,0
Jasdeep Singh,South Africa,0,4,4,1,1,0,0
Jaspreet Singh,ITA,0,5,4,1,1,0,0
K Jethi,CAN,0,5,5,1,1,0,0
J Jojo,DEN,0,7,5,1,1,0,0
MO Jones,Bermuda,0,8,8,1,1,0,0
NG Jones,Ireland,2,5,4,1,1,0,0
C Jonker,South Africa,0,2,2,1,1,0,0
Junaid Siddique,Bangladesh,5,7,7,1,1,0,0
Kaleem Shah,Moz,0,7,6,1,1,0,0
JK Kamande,KENYA,3,12,12,1,1,0,0
Kamran Shazad,UAE,0,3,3,1,1,0,0
TE Kane,Ireland,4,7,5,1,1,0,0
S Keshvani,CAN,0,2,2,1,1,0,0
RWT Key,England,0,1,1,1,1,0,0
N Khanna,MALTA,0,2,2,1,1,0,0
Khizer Ahmed,NOR,0,5,5,1,0,1,0
N Khosla,MALTA,0,4,4,1,1,0,0
Khurram Chohan,CAN,0,4,4,1,1,0,0
TCR Kimber,GUE,0,3,3,1,0,1,0
NR Kirton,CAN,0,5,5,1,1,0,0
RK Kleinveldt,South Africa,5,6,6,1,1,0,0
Kuldeep Singh,PHI,0,4,4,1,1,0,0
P Kumar,India,4,10,10,1,1,0,0
R Kumar,ROM,0,4,4,1,1,0,0
UKPW Kumaranayaka,KUW,0,3,3,1,1,0,0
A Lagos,"",0,1,1,1,1,0,0
H Lakov,"",0,3,3,1,1,0,0
CK Langeveldt,South Africa,5,9,9,1,1,0,0
B Laughlin,Australia,4,3,3,1,1,0,0
J Lewis,England,2,2,2,1,1,0,0
ML Lewis,Australia,0,2,2,1,1,0,0
RN Lewis,West Indies,0,1,1,1,1,0,0
NCK Liyanage,MAL,0,6,5,1,1,0,0
KS Lokuarachchi,Sri Lanka,0,2,2,1,1,0,0
J Long,PHI,0,2,2,1,1,0,0
T Lungameni,NAM,0,6,6,1,1,0,0
GD McGrath,Australia,0,2,2,1,1,0,0
NJ Maddinson,Australia,5,6,6,1,1,0,0
DL Maddy,England,0,4,4,1,1,0,0
Mahedi Hasan,Bangladesh,0,1,1,1,1,0,0
Mahmad Data,PNM,0,2,2,1,1,0,0
S Mahmood,England,0,3,3,1,1,0,0
SI Mahmood,England,3,4,4,1,1,0,0
GI Maiden,SCOT,0,3,3,1,1,0,0
BF Mailata,Samoa,0,4,4,1,1,0,0
GT Main,SCOT,1,4,2,1,1,0,0
D Maisuria,Botsw,0,6,6,1,1,0,0
A Makesh,KUW,0,4,4,1,1,0,0
AK Mandal,NEPAL,0,2,2,1,1,0,0
Mandeep Singh,India,0,3,3,1,1,0,0
P Manning,Caym,0,6,6,1,1,0,0
AK Markram,South Africa,0,2,2,1,1,0,0
HJH Marshall,New Zealand,1,3,3,1,1,0,0
OM Marshall,Peru,0,3,3,1,1,0,0
CS Martin,New Zealand,1,6,6,1,1,0,0
DR Martyn,Australia,1,4,4,1,1,0,0
I Master,Botsw,0,2,2,1,1,0,0
GE Mathurin,West Indies,1,3,3,1,1,0,0
B Mavuta,Zimbabwe,0,3,3,1,1,0,0
M Meade,Chile,0,1,1,1,1,0,0
SC Meaker,England,0,2,2,1,1,0,0
J Mees,LUX,0,3,3,1,1,0,1
PHKD Mendis,Sri Lanka,1,4,4,1,1,0,0
CAJ Meschede,GER,0,5,5,1,1,0,0
KO Meth,Zimbabwe,0,2,2,1,1,0,0
Mian Mehmood,PORT,0,4,4,1,1,0,0
AJ Michael,Samoa,0,4,4,1,1,0,0
TS Mills,England,2,5,5,1,1,0,0
A Mishra,India,7,10,10,1,1,0,0
P Mishra,"",0,3,3,1,1,0,0
K Modise,Botsw,0,3,3,1,1,0,0
Mohammad Irfan,Pakisthan,7,22,22,1,1,0,0
Mohammad Kashif,NL,0,3,3,1,1,0,0
Mohammad Shahzad,UAE,2,20,20,1,1,0,0
Mohammad Tauqir,UAE,0,3,3,1,1,0,0
Mohammad Yousuf,Pakisthan,4,3,3,1,1,0,0
JN Mohammed,West Indies,1,9,9,1,1,0,0
Mohammed Qasim,UAE,1,3,3,1,1,0,0
Mohammed Siraj,India,1,3,3,1,1,0,0
HJC Mol,NL,0,4,3,1,1,0,0
Mominul Haque,Bangladesh,2,6,6,1,1,0,0
D Mongia,India,0,1,1,1,1,0,0
M Mooketsi,Botsw,0,7,7,1,1,0,0
Mudassar Muhammad,GER,0,7,7,1,1,0,0
Muhamad Syahadat,MAL,0,10,9,1,1,0,0
Muhammad Amir,MAL,0,1,1,1,1,0,0
Muhammad Asjed,ESP,0,2,2,1,1,0,0
Muhammad Kaleem,UAE,0,9,9,1,1,0,0
Muhammad Khurram,West Indies,0,5,5,1,1,0,1
Muhammad Naeem,Saudi,0,5,5,1,1,0,0
Muhammad Saleem,"",0,4,4,1,1,0,0
JK Mukhiya,NEPAL,1,4,4,1,1,0,0
EMDY Munaweera,Sri Lanka,5,13,13,1,1,0,0
GBW Munaweera,QAT,0,5,5,1,1,0,0
Munir Dar,HKG,0,2,2,1,1,0,0
M Muralitharan,Sri Lanka,4,12,12,1,1,0,0
D Murphy,SCOT,0,4,4,1,1,0,1
Musawar Shah,QAT,0,2,2,1,1,0,0
N M'shangwe,Zimbabwe,1,5,5,1,1,0,0
AK Muslar,Blz,0,3,3,1,1,0,0
Muslim Yar,GER,0,7,7,1,1,0,0
T Muzarabani,Zimbabwe,1,9,9,1,1,0,0
M Mwamadi,West Indies,0,3,3,1,1,0,0
Najjam Shahzad,PORT,0,4,4,1,1,0,0
DM Nakrani,UGA,0,4,4,1,1,0,0
W Nalisa,VAN,0,9,9,1,1,0,0
DP Nannes,Australia,1,17,17,1,1,0,0
Naseem Khushi,OMAN,2,10,10,1,1,0,0
A Nathwani,Aut,0,5,5,1,1,0,0
A Natubhai Ahir,PNM,0,3,3,1,1,0,0
Naveed Ahmed,CZK-R,0,7,7,1,1,0,0
Nazakat Ali,NOR,0,2,2,1,1,0,0
Nazril Rahman,MAL,0,7,7,1,1,0,0
A Nel,South Africa,2,2,2,1,1,0,0
JD Nel,SCOT,3,10,9,1,1,0,0
L Ngidi,South Africa,1,7,7,1,1,0,0
PA Nixon,England,0,1,1,1,0,1,0
L Nussbaumer,GUE,0,1,1,1,1,0,0
SH Obed,VAN,0,12,12,1,1,0,0
E Ochieng,KENYA,0,2,2,1,1,0,0
PP Ojha,India,1,6,6,1,1,0,0
SNJ O'Keefe,Australia,1,7,7,1,1,0,0
IO Okpe,NGA,0,8,8,1,1,0,0
R Olipa,UGA,0,2,2,1,1,0,0
Omar Hayat,DEN,0,2,2,1,1,0,0
A Otwani,UGA,0,4,4,1,1,0,1
SD Outerbridge,Bermuda,0,3,3,1,1,0,0
E Packard,GIBR,0,4,4,1,1,0,0
K Pala,Papua New Guinea,0,2,2,1,1,0,0
I Pandey,NEPAL,0,4,4,1,1,0,0
NMS Param,SGP,0,8,8,1,1,0,0
PA Patel,India,0,2,2,1,1,0,1
RN Patel,KENYA,0,2,2,1,1,0,0
D Paterson,South Africa,1,8,8,1,1,0,0
C Pengkumta,THAI,0,4,4,1,1,0,0
AK Perera,Sri Lanka,6,6,6,1,1,0,0
SL Perera,Ghana,0,2,2,1,1,0,0
WKD Perkins,West Indies,0,1,1,1,1,0,0
J Perman,ESP,0,2,2,1,1,0,0
AN Petersen,South Africa,0,2,2,1,1,0,0
VD Philander,South Africa,0,7,7,1,1,0,0
K Pierre,West Indies,1,8,8,1,1,0,0
R Pillai,GER,0,6,6,1,1,0,0
R Pisal,ROM,0,1,1,1,1,0,0
S Pokhriyal,CZK-R,0,5,5,1,1,0,0
KOA Powell,West Indies,0,1,1,1,1,0,0
M Pushpakumara,Sri Lanka,0,1,1,1,1,0,0
A Rangaswamy,Botsw,0,4,4,1,1,0,0
Raqibul Hasan,Bangladesh,2,5,5,1,1,0,0
Raza Iqbal,NOR,0,5,5,1,1,0,0
CMW Read,England,0,1,1,1,1,0,1
FL Reifer,West Indies,0,1,1,1,1,0,0
JB Reva,Papua New Guinea,4,9,9,1,1,0,0
KAJ Roach,West Indies,4,11,11,1,1,0,0
IH Romaine,Bermuda,0,2,2,1,1,0,0
Rubel Hossain,Bangladesh,9,27,26,1,1,0,0
Rumman Raees,Pakisthan,2,8,8,1,1,0,0
RJMGM Rupasinghe,Sri Lanka,0,2,2,1,1,0,0
GR Russ,PHI,0,3,3,1,1,0,0
HD Rutherford,New Zealand,6,8,8,1,1,0,0
SE Rutherford,West Indies,1,3,3,1,1,0,0
Saad Nasim,Pakisthan,0,3,3,1,1,0,0
VM Sachdev,PNM,0,2,2,1,1,0,0
Sadeeq Khan,ROM,0,3,3,1,1,0,0
Sahir Naqash,GER,0,7,7,1,1,0,0
NA Saini,India,0,5,5,1,1,0,0
Sajedul Islam,Bangladesh,0,1,1,1,1,0,0
AM Samad,CAN,2,7,7,1,1,0,0
SV Samson,India,0,1,1,1,1,0,0
R Sandaruwan,KUW,0,10,10,1,1,0,0
JRMVB Sanjaya,Sri Lanka,0,8,8,1,1,0,0
K Santokie,West Indies,3,12,12,1,1,0,0
Saqlain Arshad,QAT,0,2,2,1,1,0,0
M Sarenac,Serb,0,2,2,1,1,0,0
A Sarma,GER,0,3,3,1,1,0,0
MM Sarwar,KUW,0,5,5,1,1,0,0
I Sawmy,DEN,0,2,2,1,1,0,0
Sayed Shirzad,Afganisthan,4,4,4,1,1,0,0
CP Schofield,England,0,4,4,1,1,0,0
Shaffeq Muhammad,"",0,2,2,1,1,0,0
Shafiul Islam,Bangladesh,9,17,17,1,1,0,0
Shaheen Shah Afridi,Pakisthan,1,10,10,1,1,0,0
Shaheryar Butt,Belg,0,3,3,1,1,0,0
Shahid Wasif,HKG,3,9,9,1,1,0,0
Shahriar Nafees,Bangladesh,0,1,1,1,1,0,0
A Shahzad,England,1,3,3,1,1,0,0
Shamsudheen Purat,Saudi,0,3,3,1,1,0,0
JNK Shannon,Ireland,5,8,8,1,1,0,0
Sharafuddin Ashraf,Afganisthan,4,8,8,1,1,0,0
MM Sharma,India,1,8,8,1,1,0,0
V Shetty,UAE,0,2,2,1,1,0,0
Shoaib Khan jnr,Pakisthan,0,4,4,1,1,0,0
Shuvagata Hom,Bangladesh,0,5,5,1,1,0,0
EHSN Silva,UAE,0,2,2,1,1,0,0
KRP Silva,South Africa,0,2,2,1,1,0,0
M Simpson-Parker,Aut,0,3,3,1,1,0,0
J Singye,BHU,0,2,2,1,1,0,0
DS Smith,West Indies,2,6,6,1,1,0,0
SJS Smith,SCOT,2,5,5,1,0,1,0
J Smits,NL,1,6,5,1,1,0,1
JT Smuts,South Africa,1,8,8,1,1,0,0
JN Snape,England,0,1,1,1,1,0,0
CB Sole,SCOT,1,4,4,1,1,0,0
A Srivastav,Chile,0,4,4,1,1,0,0
ACF Stokes,GUE,0,7,7,1,1,0,0
AJ Strauss,England,4,4,4,1,1,0,0
R Strydom,Ireland,0,4,3,1,1,0,0
Sufyan Mehmood,OMAN,4,3,3,1,1,0,0
P Syafiq Ali,MAL,0,2,1,1,1,0,0
Syed Rasel,Bangladesh,1,8,8,1,1,0,0
Tanveer Ahmed,HKG,1,5,5,1,1,0,0
Taskin Ahmed,Bangladesh,4,19,17,1,1,0,0
P Taylor,CZK-R,0,7,7,1,1,0,0
T Taylor,Caym,0,6,6,1,1,0,0
SR Tendulkar,India,0,1,1,1,1,0,0
SP Terry,Ireland,0,1,1,1,1,0,0
DC Thomas,West Indies,4,3,3,1,0,1,0
S Tobgay,BHU,0,2,2,1,1,0,0
GC Tonge,West Indies,0,1,1,1,1,0,0
RJW Topley,England,1,6,6,1,1,0,0
A Tripathi,Mex,0,3,3,1,1,0,0
LL Tsotsobe,South Africa,5,23,23,1,1,0,0
JJ Tucker,Bermuda,0,5,5,1,1,0,0
S Tyagi,India,0,1,1,1,1,0,0
A Uniyal,Chile,0,3,3,1,1,0,0
Usama Master,West Indies,0,6,6,1,1,0,0
Usman Ali,Saudi,0,5,5,1,1,0,0
Usman Limbada,CAN,3,7,7,1,1,0,0
Usman Shinwari,Pakisthan,6,16,16,1,1,0,0
Usman Waheed,KUW,0,6,6,1,1,0,0
JDF Vandersay,Sri Lanka,4,10,10,1,1,0,0
MB van Schelven,NL,0,2,2,1,1,0,0
TCW Veillard,GUE,0,4,4,1,1,0,0
S Vijayakumar,SGP,0,9,9,1,1,0,0
Vimal Kumar,PHI,0,2,2,1,1,0,0
R Vinay Kumar,India,3,9,9,1,1,0,0
L Vincent,New Zealand,1,9,9,1,1,0,0
W Viraliliu,VAN,0,10,10,1,1,0,0
Vishal Ahir,PNM,0,1,1,1,1,0,0
KDK Vithanage,Sri Lanka,2,3,3,1,1,0,0
Waqar Khan,Peru,0,4,4,1,1,0,0
Waqas Ali,Belg,0,2,2,1,1,0,0
Washeem Abbas,MALTA,0,2,2,1,1,0,0
VS Wategaonkar,OMAN,0,2,2,1,1,0,0
RM West,Ireland,0,5,5,1,1,0,0
AA Westphal,Mex,0,5,5,1,1,0,0
BTJ Wheal,SCOT,1,5,5,1,1,0,0
BM Wheeler,New Zealand,1,6,6,1,1,0,0
S Wickramasekara,CZK-R,0,5,5,1,1,0,0
SA Wijeyeratne,CAN,0,2,2,1,1,0,0
JD Wildermuth,Australia,0,2,2,1,1,0,0
CR Woakes,England,4,8,8,1,1,0,0
LJ Woodcock,New Zealand,1,3,3,1,1,0,0
GH Worker,New Zealand,0,2,2,1,1,0,0
AS Wright,GUE,0,8,8,1,1,0,0
CM Wright,SCOT,2,3,2,1,1,0,0
HN Ya France,NAM,0,6,6,1,1,0,0
Yasar Idrees,KUW,0,1,1,1,1,0,0
Yasir Arafat,Pakisthan,5,13,13,1,1,0,0
Zaheer Maqsood,UAE,1,3,3,1,1,0,0
Zahid Hussain,CAN,0,3,3,1,1,0,0
Zameer Khan,DEN,0,2,2,1,1,0,0
A Zampa,Australia,3,27,26,1,1,0,0
C Zavoiu,ROM,0,3,3,1,1,0,0
Zawar Farid,UAE,0,4,4,1,1,0,0
Zeeshan Abbas,BAH,0,1,1,1,1,0,0
Zubaidi Zulkifle,MAL,0,4,4,1,1,0,0
Zulfiqar Babar,Pakisthan,1,7,7,1,1,0,0
Zulqarnain Haider,Pakisthan,3,3,3,1,0,1,0
Zulqarnain Haider,ESP,0,5,5,1,1,0,0
Aamer Ikram,PORT,0,4,4,0,0,0,0
Aamer Yamin,Pakisthan,3,2,2,0,0,0,0
Aaron Jones,South Africa,0,8,8,0,0,0,0
Z Abbasi,Botsw,0,1,1,0,0,0,0
Abbas Saad,Saudi,0,2,2,0,0,0,0
YA Abdulla,South Africa,0,2,2,0,0,0,0
Abdullah Mahmood,DEN,0,1,1,0,0,0,0
Abdullah Sheikh,NOR,0,2,2,0,0,0,0
Abdul Rashid,Belg,0,1,1,0,0,0,0
Abdur Rauf,Pakisthan,0,1,1,0,0,0,0
M Aboagye,Ghana,0,3,3,0,0,0,0
RA Abolarin,NGA,0,1,1,0,0,0,0
Abul Hasan,Bangladesh,6,5,5,0,0,0,0
AG Achar,SGP,0,3,3,0,0,0,0
F Achelam,UGA,0,1,1,0,0,0,0
Adil Hanif,BAH,0,4,4,0,0,0,0
Adnan Mufti,UAE,0,1,1,0,0,0,0
N Advani,GIBR,0,1,1,0,0,0,0
Aftab Ahmed,DEN,0,1,1,0,0,0,0
AB Agarkar,India,1,4,3,0,0,0,0
A Ahmadhel,"",0,3,3,0,0,0,0
RI Ahmed,NL,0,2,2,0,0,0,0
Ahmed Wardak,GER,0,9,9,0,0,0,0
Ahsan Abbasi,HKG,0,6,6,0,0,0,0
Ainool Hafizs,MAL,0,3,3,0,0,0,0
Aizaz Cheema,Pakisthan,1,5,5,0,0,0,0
D Ajekun,NGA,0,6,6,0,0,0,0
C Akyuz,TKY,0,2,2,0,0,0,0
Ali Ivan,Mald,0,1,1,0,0,0,0
Ali Naqi,PORT,0,4,4,0,0,0,0
J Allen,"",0,2,2,0,0,0,0
HS Alta,TKY,0,4,4,0,0,0,0
Ameel Mauroof,Mald,0,10,10,0,0,0,0
Ameer Saiyed,Botsw,0,4,4,0,0,0,0
Aminul Islam,Bangladesh,0,4,4,0,0,0,0
Amir Hayat,UAE,1,4,4,0,0,0,0
Amir Hamza,Afganisthan,4,31,31,0,0,0,0
Ammad Uddin,BAH,0,4,4,0,0,0,0
Anas Khan,HKG,0,1,1,0,0,0,0
J Anderson,Ireland,0,4,2,0,0,0,0
DK Anefie,Ghana,0,4,4,0,0,0,0
A Anemogiannis,"",0,1,1,0,0,0,0
B Angeltti,Arg,0,3,3,0,0,0,0
DNA Ankrah,Ghana,0,4,4,0,0,0,0
M Ansari,OMAN,1,11,10,0,0,0,0
Ansar Iqbal,NOR,0,4,4,0,0,0,0
MA Aponso,Sri Lanka,0,3,3,0,0,0,0
Apon Mustafizur,Serb,0,2,2,0,0,0,0
S Appu,MALTA,0,4,4,0,0,0,0
S Aravind,India,0,1,1,0,0,0,0
JC Archer,England,0,1,1,0,0,0,0
Z Arinaitwe,UGA,0,3,3,0,0,0,0
RP Arnold,Sri Lanka,0,1,1,0,0,0,0
B Arora,MALTA,0,4,4,0,0,0,0
Arsalan Arif,Aut,0,2,2,0,0,0,0
Arsalan Qadir,CAN,0,1,1,0,0,0,0
Arshad Hayat,CZK-R,0,6,6,0,0,0,0
Arslan Ahmed,PORT,0,3,3,0,0,0,0
Arslan Ahmed,"",0,3,3,0,0,0,0
Asad Ali,Pakisthan,0,2,2,0,0,0,0
A Aspiotis,"",0,3,3,0,0,0,0
MS Atapattu,Sri Lanka,0,2,2,0,0,0,0
S Ateak,Ghana,0,3,3,0,0,0,0
Atif Ali Khan,UAE,0,1,1,0,0,0,0
Atif Mehmood,ESP,0,9,9,0,0,0,0
R Avery,"",0,4,4,0,0,0,0
Awais Zia,Pakisthan,2,5,5,0,0,0,0
P Awana,India,0,2,2,0,0,0,0
Aziz Mohammad,Belg,0,3,3,0,0,0,0
Azyan Farhath,Mald,0,2,2,0,0,0,0
S Badrinath,India,0,1,1,0,0,0,0
LS Baker,West Indies,1,3,3,0,0,0,0
R Bakum,Ghana,0,4,4,0,0,0,0
L Balaji,India,0,5,5,0,0,0,0
KMC Bandara,Sri Lanka,0,1,1,0,0,0,0
HH Banner,Blz,0,3,3,0,0,0,0
TC Barker,LUX,0,4,4,0,0,0,0
MC Bascombe,West Indies,0,1,1,0,0,0,0
Bashir Shah,DEN,0,4,4,0,0,0,0
TC Bastiampillai,CAN,0,2,2,0,0,0,0
MD Bates,New Zealand,0,3,3,0,0,0,0
GJ Batty,England,0,1,1,0,0,0,0
D Bau,Papua New Guinea,0,1,1,0,0,0,0
CS Baugh,West Indies,4,3,3,0,0,0,0
DE Bernard,West Indies,0,1,1,0,0,0,0
TL Best,West Indies,1,6,6,0,0,0,0
P Bharat Patel,PNM,0,2,2,0,0,0,0
S Bhari,NEPAL,0,6,6,0,0,0,0
P Bhart,NOR,0,5,5,0,0,0,0
A Bhattarai,NEPAL,0,1,1,0,0,0,0
U Bhatti,CAN,2,7,7,0,0,0,0
Bilal Ahmed,Serb,0,1,1,0,0,0,0
IS Billcliff,CAN,0,2,2,0,0,0,0
STR Binny,India,1,3,3,0,0,0,0
K Birkenstock,NAM,0,4,4,0,0,0,0
KK Bishnoi,"",0,3,3,0,0,0,0
CC Blake,VAN,0,3,3,0,0,0,0
AM Blignaut,Zimbabwe,0,1,1,0,0,0,0
GH Bodi,South Africa,0,1,1,0,0,0,0
N Boje,South Africa,0,1,1,0,0,0,0
NE Bonner,West Indies,1,2,2,0,0,0,0
CJ Boyce,Australia,2,7,7,0,0,0,0
TS Braat,NL,0,3,3,0,0,0,0
DL Brangman,Bermuda,0,5,5,0,0,0,0
DR Brown,SCOT,0,2,1,0,0,0,0
P Buccimazza,PORT,0,4,4,0,0,0,0
NB Budayair,NEPAL,0,4,4,0,0,0,0
A Bulow,DEN,0,2,1,0,0,0,0
CG Burnett,SCOT,0,1,1,0,0,0,0
S Byrne,MALTA,0,2,2,0,0,0,0
G Caisley,"",0,4,4,0,0,0,0
HL Carlyon,JER,0,9,9,0,0,0,0
A Carthew,Chile,0,4,4,0,0,0,0
T Caruana,GIBR,0,2,2,0,0,0,0
D Cato,Caym,0,3,3,0,0,0,0
JJ Celestine,Bermuda,0,3,3,0,0,0,0
DL Chahar,India,1,10,10,0,0,0,0
RD Chahar,India,0,1,1,0,0,0,0
Charanjeet Singh,ITA,0,3,2,0,0,0,0
G Chaturvedi,MALTA,0,2,2,0,0,0,0
M Chauhan,Fin,0,2,2,0,0,0,0
VB Chikkannaiah,GER,0,7,7,0,0,0,0
Chirag Suri,UAE,1,7,7,0,0,0,0
S Chophel,BHU,0,1,1,0,0,0,0
DO Christian,West Indies,0,2,2,0,0,0,0
I Civric,Serb,0,1,1,0,0,0,0
GL Cloete,South Africa,1,2,2,0,0,0,0
FRJ Coleman,SCOT,0,1,1,0,0,0,0
NG Collins,Fin,0,5,5,0,0,0,0
MNR Cooray,Mald,0,4,4,0,0,0,0
M Cope,LUX,0,2,2,0,0,0,0
SJ Cotter,Samoa,0,4,4,0,0,0,0
MS Crane,England,0,2,2,0,0,0,0
SM Curran,England,0,5,5,0,0,0,0
D Daesrath,CAN,0,1,1,0,0,0,0
H Dajc,Serb,0,2,2,0,0,0,0
S Dalton,CZK-R,0,3,3,0,0,0,0
I Danladi,NGA,0,3,3,0,0,0,0
H Davids,South Africa,1,9,9,0,0,0,0
S Davizi,CZK-R,0,2,2,0,0,0,0
Dawlat Ahmadzai,Afganisthan,0,2,2,0,0,0,0
DC Delany,Ireland,0,8,8,0,0,0,0
D de la Puente,Peru,0,2,2,0,0,0,0
PA Desai,CAN,0,1,1,0,0,0,0
ST de Silva,Sri Lanka,0,3,3,0,0,0,0
BJ Diamanti,New Zealand,0,1,1,0,0,0,0
V Dikov,"",0,3,3,0,0,0,0
LHD Dilhara,Sri Lanka,0,2,2,0,0,0,0
SDJJ Dima,Moz,0,4,3,0,0,0,0
N Dipakkumar Patel,PNM,0,3,3,0,0,0,0
HH Dippenaar,South Africa,0,1,1,0,0,0,0
M Dixit,LUX,0,3,3,0,0,0,0
A Djorovic,Serb,0,2,2,0,0,0,0
XJ Doherty,Australia,1,11,11,0,0,0,0
JN Dorji,BHU,0,1,1,0,0,0,0
K Dorji,BHU,0,2,2,0,0,0,0
RM Dorji,BHU,0,1,1,0,0,0,0
U Dorji,BHU,0,2,2,0,0,0,0
TM Dowlin,West Indies,1,2,2,0,0,0,0
R Dravid,India,0,1,1,0,0,0,0
BM Duckett,England,0,1,1,0,0,0,0
B Dugic,Serb,0,2,2,0,0,0,0
J Dunn,VAN,0,4,4,0,0,0,0
PS Eaglestone,Ireland,0,1,1,0,0,0,0
KR Ebanks,Caym,0,5,5,0,0,0,0
Ehsan Nawaz,HKG,3,5,5,0,0,0,0
AM Ellis,New Zealand,1,5,5,0,0,0,0
C Emmott,Chile,0,2,2,0,0,0,0
RR Emrit,West Indies,0,4,4,0,0,0,0
Faizan Asif,UAE,1,6,6,0,0,0,0
Fakhrul Mohon,PORT,0,4,4,0,0,0,0
Fawad Ahmed,Australia,0,2,2,0,0,0,0
Fazal Niazai,Afganisthan,0,1,1,0,0,0,0
H Fennell,Arg,0,5,5,0,0,0,0
B Fernando,Sri Lanka,0,2,2,0,0,0,0
BOP Fernando,Sri Lanka,0,3,3,0,0,0,0
MVT Fernando,Sri Lanka,0,1,1,0,0,0,0
Fiaz Ahmad,KUW,0,3,3,0,0,0,0
Fida Hussain,ITA,0,2,2,0,0,0,0
R Flannigan,SCOT,0,4,4,0,0,0,0
P Florin,ROM,0,4,4,0,0,0,0
KK Flowers,Blz,0,3,3,0,0,0,0
C Floyd,NL,0,2,2,0,0,0,0
BC Fortuin,South Africa,0,2,2,0,0,0,0
AR Gandhi,KENYA,0,3,3,0,0,0,0
D Ganga,West Indies,0,1,1,0,0,0,0
MD Garratt,GIBR,0,4,4,0,0,0,0
Garret Banner,Blz,0,1,1,0,0,0,0
SP Gauchan,NEPAL,1,9,9,0,0,0,0
A Gavde,Caym,0,1,1,0,0,0,0
R Gaznavi,SGP,0,2,2,0,0,0,0
B Geeves,Australia,0,1,1,0,0,0,0
L Gharasim,ROM,0,2,2,0,0,0,0
JN Gillespie,Australia,0,1,1,0,0,0,0
O Goker,TKY,0,1,1,0,0,0,0
GF Gomes,Moz,0,7,6,0,0,0,0
M Goonetilleke,MALTA,0,1,1,0,0,0,0
D Gough,England,1,2,2,0,0,0,0
S Goustis,"",0,3,3,0,0,0,0
L Gregory,England,0,5,5,0,0,0,0
R Gunasekera,CAN,1,8,8,0,0,0,0
HF Gurney,England,0,2,2,0,0,0,0
AJ Hall,South Africa,0,2,2,0,0,0,0
PSP Handscomb,Australia,0,2,2,0,0,0,0
Hardev Singh,Chile,0,3,3,0,0,0,0
Haroon Arshad,HKG,0,10,10,0,0,0,0
Haroon Mughal,MALTA,0,4,4,0,0,0,0
LHB Harrington-Myers,Caym,0,4,4,0,0,0,0
RJ Harris,Australia,0,3,3,0,0,0,0
SM Harwood,Australia,2,3,3,0,0,0,0
Hasheem Shahzad,MALTA,0,2,2,0,0,0,0
Hashmatullah Shahidi,Afganisthan,0,1,1,0,0,0,0
Hassan Rasheed,Mald,0,8,8,0,0,0,0
RJ Hatchman,GIBR,0,1,1,0,0,0,0
Hayatullah Niazi,NOR,0,4,4,0,0,0,0
H Helva,TKY,0,4,4,0,0,0,0
DL Hemp,Bermuda,0,2,2,0,0,0,0
T Henderson,South Africa,0,1,1,0,0,0,0
PD Hennessy,ESP,0,8,8,0,0,0,0
HMRKB Herath,Sri Lanka,5,17,17,0,0,0,0
BW Hilfenhaus,Australia,5,7,7,0,0,0,0
J Hill,PHI,0,4,4,0,0,0,0
H Hiri,Papua New Guinea,3,5,5,0,0,0,0
J Hirschi,MALTA,0,4,4,0,0,0,0
PA Hitchcock,New Zealand,0,1,1,0,0,0,0
KC Hodsoll,Bermuda,0,1,1,0,0,0,0
S Hongsi,THAI,0,3,3,0,0,0,0
PJ Hughes,Australia,0,1,1,0,0,0,0
EH Hutchinson,South Africa,0,2,2,0,0,0,0
Ibrahim Khan,Saudi,0,1,1,0,0,0,0
Iftikhar Anjum,Pakisthan,2,2,2,0,0,0,0
Ijaz Hussain,ROM,0,3,3,0,0,0,0
Imam-ul-Haq,Pakisthan,0,2,2,0,0,0,0
Imran Ali Butt,BAH,0,4,4,0,0,0,0
Imran Bulbulia,PNM,0,3,3,0,0,0,0
Imran Khan,PORT,0,4,4,0,0,0,0
RK Inampud,Mex,0,3,3,0,0,0,0
Inzamam-ul-Haq,Pakisthan,0,1,1,0,0,0,0
AJ Ireland,Zimbabwe,0,1,1,0,0,0,0
Irfan Bhima,West Indies,0,4,4,0,0,0,0
Irfan Mir,Chile,0,4,4,0,0,0,0
E Isaneez,UGA,0,3,3,0,0,0,0
B Ivanov,"",0,3,3,0,0,0,0
D Jakiel,Zimbabwe,0,2,2,0,0,0,0
NA Janes,THAI,0,2,2,0,0,0,0
T Jamtsho,BHU,0,2,2,0,0,0,0
Javed Ahmadi,Afganisthan,5,3,3,0,0,0,0
Javed Maroofkhail,NOR,0,2,2,0,0,0,0
CU Jayasinghe,Sri Lanka,1,5,5,0,0,0,0
P Jayeshbhai Patel,PNM,0,2,2,0,0,0,0
Jay Odedra,OMAN,0,3,3,0,0,0,0
JS Jesani,KENYA,0,1,1,0,0,0,0
HJ Jordaan,THAI,0,4,4,0,0,0,0
GJ Joseph,Blz,0,1,1,0,0,0,0
K Joshi,Aut,0,4,4,0,0,0,0
Jubair Hossain,Bangladesh,0,1,1,0,0,0,0
Junaid Khan,Pakisthan,3,9,9,0,0,0,0
S Jyoti,CAN,0,2,2,0,0,0,0
Kaleemullah,OMAN,2,6,6,0,0,0,0
G Kaltongga,VAN,0,3,3,0,0,0,0
S Randiv,Sri Lanka,1,7,7,0,0,0,0
TP Kamungozi,Zimbabwe,0,1,1,0,0,0,0
S Kansoy,TKY,0,4,4,0,0,0,0
A Karn,NEPAL,0,2,2,0,0,0,0
M Kartik,India,0,1,1,0,0,0,0
E Katchay,CAN,0,4,4,0,0,0,0
S Kaul,India,1,3,3,0,0,0,0
HB Kayondo,UGA,0,3,3,0,0,0,0
D Kegasitswe,Botsw,0,4,4,0,0,0,0
SKW Kelly,Bermuda,0,3,3,0,0,0,0
P Kerai,KENYA,0,6,6,0,0,0,0
A Khan,England,0,1,1,0,0,0,0
B Khumalo,Botsw,0,3,3,0,0,0,0
Khurram Manzoor,Pakisthan,0,3,3,0,0,0,0
Khushdil Shah,Pakisthan,0,1,1,0,0,0,0
JH Kiani,PHI,0,4,4,0,0,0,0
GE Kidd,Ireland,0,1,1,0,0,0,0
VJ Kingma,NL,3,4,4,0,0,0,0
RJ Kirtley,England,0,1,1,0,0,0,0
S Kizilkaya,TKY,0,4,4,0,0,0,0
MF Koc,TKY,0,2,2,0,0,0,0
AC Kose,TKY,0,4,4,0,0,0,0
A Krishna,SGP,0,4,4,0,0,0,0
GJP Kruger,South Africa,0,1,1,0,0,0,0
DS Kulkarni,India,0,2,2,0,0,0,0
CBRLS Kumara,Sri Lanka,0,3,3,0,0,0,0
Kushal Malla,NEPAL,0,3,3,0,0,0,0
GA Lamb,Zimbabwe,0,5,5,0,0,0,0
T Langa,VAN,0,1,1,0,0,0,0
E Leie,South Africa,0,2,2,0,0,0,0
RDM Leverock,Bermuda,0,2,2,0,0,0,0
I Lisboa,Chile,0,1,1,0,0,0,0
LS Livingstone,England,0,2,2,0,0,0,0
CA Liyanage,Mald,0,2,2,0,0,0,0
K Loday,BHU,0,1,1,0,0,0,0
J Louw,South Africa,1,2,2,0,0,0,0
L Louwrens,NAM,0,1,1,0,0,0,0
Lucky Ali,DEN,0,2,2,0,0,0,0
NM Lyon,Australia,2,2,2,0,0,0,0
RT Lyons,SCOT,0,2,2,0,0,0,0
AM McCarthy,West Indies,0,1,1,0,0,0,0
NFI McCallum,SCOT,3,11,10,0,0,0,0
OC McCoy,West Indies,0,2,2,0,0,0,0
AJ McKay,New Zealand,0,2,2,0,0,0,0
CJ McKay,Australia,3,6,6,0,0,0,0
ND McKenzie,South Africa,3,2,2,0,0,0,0
DSK Madushanka,Sri Lanka,0,2,2,0,0,0,0
LD Madushanka,Sri Lanka,0,2,2,0,0,0,0
RP Magar,NEPAL,1,6,6,0,0,0,0
R Mahajan,PHI,0,3,3,0,0,0,0
C Mahoney,Peru,0,3,3,0,0,0,0
Mamoon Latif,Belg,0,3,3,0,0,0,0
G Manan,ROM,0,3,3,0,0,0,0
D Manani,ROM,0,2,2,0,0,0,0
M Markande,India,0,1,1,0,0,0,0
D Marks,MALTA,0,2,2,0,0,0,0
JAH Marshall,New Zealand,3,3,3,0,0,0,0
JL Martel,GUE,0,3,3,0,0,0,0
B Masaba,UGA,0,1,1,0,0,0,0
MJ Mason,New Zealand,2,3,3,0,0,0,0
N Master,Botsw,0,2,2,0,0,0,0
ZE Matsinhe,Moz,0,7,6,0,0,0,0
V Mbazo,Botsw,0,4,4,0,0,0,0
GJ McCarter,Ireland,0,3,2,0,0,0,0
BJ McCarthy,Ireland,1,6,6,0,0,0,0
Z McLaughlin,Caym,0,3,3,0,0,0,0
A Mehmood,HKG,0,2,2,0,0,0,0
Mehrab Hossain jnr,Bangladesh,1,2,2,0,0,0,0
D Mejia,CRC,0,3,3,0,0,0,0
K Mendon,CZK-R,0,6,6,0,0,0,0
JH Mensah,Ghana,0,2,2,0,0,0,0
DP Michael,Samoa,0,4,4,0,0,0,0
Michael Nazir,MALTA,0,1,1,0,0,0,0
Mihusan Hamid,Mald,0,1,1,0,0,0,0
Mirza Ahsan,Aut,0,5,5,0,0,0,0
Mohamed Arief,MAL,0,5,5,0,0,0,0
Mohameed Taiwo,NGA,0,2,2,0,0,0,0
Mohammad Adnan,Saudi,0,5,5,0,0,0,0
Mohammad Ahsan,KUW,0,6,6,0,0,0,0
Mohammad Amin,KUW,0,4,4,0,0,0,0
Mohammad Hasnain,Pakisthan,0,4,4,0,0,0,0
Mohammad Iqbal,CAN,0,3,3,0,0,0,0
Mohamed Mahfooz,Mald,0,11,11,0,0,0,0
Mohammad Qazi,CAN,0,1,1,0,0,0,0
Mohammad Rafique,Bangladesh,0,1,1,0,0,0,0
Mohammad Shahid,Bangladesh,0,1,1,0,0,0,0
Mohammed Shami,India,5,8,8,0,0,0,0
MR Montfort,CAN,0,1,1,0,0,0,0
VV Morea,Papua New Guinea,2,5,5,0,0,0,0
A Morris,Caym,0,6,6,0,0,0,0
JWN Moses,Botsw,0,3,3,0,0,0,0
Mohsin Hub,Peru,0,4,4,0,0,0,0
Muaviath Ganee,Mald,0,5,5,0,0,0,0
Muhammad Hamayun,Saudi,0,4,4,0,0,0,0
Muhammad Musa,Pakisthan,0,1,1,0,0,0,0
Muhammad Rafique,BAH,0,2,2,0,0,0,0
Muhammed Shanil,UAE,0,1,1,0,0,0,0
Muhammad Wafiq,MAL,0,4,4,0,0,0,0
D Muhumuza,UGA,0,4,4,0,0,0,0
Mukhtiar Singh,ESP,0,2,2,0,0,0,0
Muktar Ali,Bangladesh,0,1,1,0,0,0,0
FF Mulivai,Samoa,0,4,4,0,0,0,0
T Mupariwa,Zimbabwe,1,4,4,0,0,0,0
S Murari,CRC,0,3,3,0,0,0,0
Musa Shaheen,DEN,0,1,1,0,0,0,0
P Mustard,England,0,2,2,0,0,0,0
F Mutizwa,Zimbabwe,1,3,3,0,0,0,0
Nadif Chowdhury,Bangladesh,1,3,3,0,0,0,0
S Nadigotla,ROM,0,2,2,0,0,0,0
Najeeb Amar,HKG,0,1,1,0,0,0,0
A Nanda,LUX,0,3,3,0,0,0,0
M Nandela,Mex,0,2,2,0,0,0,0
A Nao,Papua New Guinea,0,2,2,0,0,0,0
Nasir Aziz,UAE,0,1,1,0,0,0,0
Nasrulla Rana,HKG,0,8,8,0,0,0,0
Nauman Anwar,Pakisthan,0,1,1,0,0,0,0
NH Naureen,ESP,0,1,1,0,0,0,0
Naveen-ul-Haq,Afganisthan,0,4,4,0,0,0,0
Nawaf Ahmed,KUW,0,1,1,0,0,0,0
Nazimuddin,Bangladesh,1,7,7,0,0,0,0
Nazmul Hossain,Bangladesh,3,4,4,0,0,0,0
Nazmus Sadat,Bangladesh,0,1,1,0,0,0,0
R Neale,LUX,0,3,3,0,0,0,0
S Nerandzic,Serb,0,2,2,0,0,0,0
R Ngarava,Zimbabwe,0,1,1,0,0,0,0
JO Ngoche,KENYA,1,7,7,0,0,0,0
HM Nicholls,New Zealand,3,5,5,0,0,0,0
D Nikolov,"",0,3,3,0,0,0,0
K Nima,BHU,0,1,1,0,0,0,0
ML Nkala,Zimbabwe,0,1,1,0,0,0,0
F Nkhoma,West Indies,0,4,4,0,0,0,0
AA Noffke,Australia,1,2,2,0,0,0,0
Noman Kamawi,Belg,0,1,1,0,0,0,0
MJ North,Australia,0,1,1,0,0,0,0
A Nortje,South Africa,0,1,1,0,0,0,0
L Nou,Papua New Guinea,0,3,3,0,0,0,0
GM Ntambalika,West Indies,0,3,3,0,0,0,0
J Nyumbu,Zimbabwe,0,2,2,0,0,0,0
IE O'Brien,New Zealand,0,4,4,0,0,0,0
NV Ojha,India,0,2,2,0,0,0,0
PJ Ongondo,KENYA,1,8,8,0,0,0,0
LN Onyango,KENYA,3,5,5,0,0,0,0
A Orfila,GIBR,0,1,1,0,0,0,0
Ovais Yousof,NGA,0,3,3,0,0,0,0
VS Padhaal,Fin,0,5,5,0,0,0,0
BA Pai,GIBR,0,4,4,0,0,0,0
RJG Palmer,JER,0,2,2,0,0,0,0
MS Panesar,England,0,1,1,0,0,0,0
BA Parchment,West Indies,0,1,1,0,0,0,0
MA Parker,SCOT,0,2,2,0,0,0,0
MW Parkinson,England,0,2,2,0,0,0,0
Parvez Rasool,India,0,1,1,0,0,0,0
A Patel,West Indies,0,2,2,0,0,0,0
AY Patel,New Zealand,0,2,2,0,0,0,0
M Patel,PNM,0,2,2,0,0,0,0
M Patel,Chile,0,3,3,0,0,0,0
MIA Patel,West Indies,0,3,3,0,0,0,0
MM Patel,India,0,3,3,0,0,0,0
TK Patel,South Africa,0,7,7,0,0,0,0
N Pathan,THAI,0,4,4,0,0,0,0
SS Pathirana,Sri Lanka,1,5,5,0,0,0,0
WA Peatfield,GUE,0,8,8,0,0,0,0
MDK Perera,Sri Lanka,0,3,3,0,0,0,0
PDRL Perera,Sri Lanka,0,2,2,0,0,0,0
S Periyalwar,ROM,0,4,4,0,0,0,0
V Permaul,West Indies,0,1,1,0,0,0,0
AM Phangiso,South Africa,6,16,16,0,0,0,0
T Phaswana,Botsw,0,1,1,0,0,0,0
S Pillai,CRC,0,3,3,0,0,0,0
LA Pomersbach,Australia,0,1,1,0,0,0,0
VRCF Poubel,"",0,3,3,0,0,0,0
H Pragji,Botsw,0,4,4,0,0,0,0
C Prasad,CRC,0,3,3,0,0,0,0
KTGD Prasad,Sri Lanka,0,1,1,0,0,0,0
D Pretorius,South Africa,2,6,6,0,0,0,0
AG Prince,South Africa,0,1,1,0,0,0,0
SMA Priyanjan,Sri Lanka,0,3,3,0,0,0,0
Qalandar Khan,QAT,0,4,4,0,0,0,0
Qasim Zia,BAH,0,3,3,0,0,0,0
Rafatullah Mohmand,Pakisthan,0,3,3,0,0,0,0
Rahman Ademi,Serb,0,2,2,0,0,0,0
P Raho,Papua New Guinea,0,2,2,0,0,0,0
EC Rainsford,Zimbabwe,0,2,2,0,0,0,0
PBB Rajapaksa,Sri Lanka,0,5,5,0,0,0,0
Raja Adeel,ESP,0,3,3,0,0,0,0
CAK Rajitha,Sri Lanka,3,10,10,0,0,0,0
Rakibul Hasan,ITA,0,8,7,0,0,0,0
RLB Rambukwella,Sri Lanka,3,2,2,0,0,0,0
Rameez Raja,Pakisthan,0,2,2,0,0,0,0
SHA Rance,New Zealand,2,8,7,0,0,0,0
DA Rankin,Ireland,1,2,2,0,0,0,0
RJ Ranpura,OMAN,1,3,2,0,0,0,0
Rashid Khan,NEPAL,0,1,1,0,0,0,0
KB Ratilal,PNM,0,3,3,0,0,0,0
Ravinder Singh,MALTA,0,2,2,0,0,0,0
Razmal Shigiwal,Aut,0,4,4,0,0,0,0
NJ Reardon,Australia,0,2,2,0,0,0,0
J Reb,Serb,0,2,2,0,0,0,0
Riazat Ali Shah,UGA,0,4,4,0,0,0,0
ACL Richards,West Indies,0,1,1,0,0,0,0
DM Richards,West Indies,0,1,1,0,0,0,0
EB Ringera,KENYA,0,1,1,0,0,0,0
R Rivas,Chile,0,3,3,0,0,0,0
CP Rizwan,UAE,0,5,5,0,0,0,0
Rizwan Mahmood,DEN,0,5,3,0,0,0,0
WJR Robertson,JER,0,6,6,0,0,0,0
Robiul Islam,Bangladesh,0,1,1,0,0,0,0
GA Rogers,SCOT,1,2,2,0,0,0,0
BJ Rohrer,Australia,0,1,1,0,0,0,0
Rokhan Barakzai,Afganisthan,0,3,3,0,0,0,0
Rony Talukdar,Bangladesh,0,1,1,0,0,0,0
JA Rudolph,South Africa,0,1,1,0,0,0,0
SI Runsewe,NGA,0,6,6,0,0,0,0
AK Sah,NEPAL,0,1,1,0,0,0,0
TK Saha,Fin,0,4,4,0,0,0,0
Sajid Liaqat,GER,0,2,2,0,0,0,0
Sakib Hasan,Serb,0,2,2,0,0,0,0
BA Sambo,Moz,0,2,2,0,0,0,0
O Sam Arthur,CRC,0,3,3,0,0,0,0
Sandeep Sharma,India,0,2,2,0,0,0,0
Saqlain Ali,Belg,0,2,2,0,0,0,0
Saqlain Sajib,Bangladesh,0,1,1,0,0,0,0
Sarfaraz Ali,BAH,0,4,4,0,0,0,0
R Satheesan,ROM,0,4,4,0,0,0,0
JOP Scamans,Fin,0,2,2,0,0,0,0
K Senamontree,THAI,0,2,2,0,0,0,0
YSD Seneveratne,Caym,0,6,6,0,0,0,0
M Sert,TKY,0,4,4,0,0,0,0
Shabbir Ahmed,Pakisthan,0,1,1,0,0,0,0
Shabir Noori,Afganisthan,0,1,1,0,0,0,0
L Shafeeg,Mald,0,3,3,0,0,0,0
Shahadat Hossain,Bangladesh,7,6,6,0,0,0,0
Shahbaz Badar,BAH,0,3,3,0,0,0,0
Shahzad Muhammad,Mex,0,2,2,0,0,0,0
Sharif Asadullah,UAE,0,1,1,0,0,0,0
KV Sharma,India,0,1,1,0,0,0,0
R Sharma,India,0,2,2,0,0,0,0
ZK Shem,VAN,0,5,5,0,0,0,0
Shoaib Gazi Hossain,Chile,0,4,4,0,0,0,0
PM Siddle,Australia,1,2,2,0,0,0,0
KM Silva,"",0,3,3,0,0,0,0
BA Simango,Moz,0,2,2,0,0,0,0
LA Simango,Moz,0,3,3,0,0,0,0
M Simmons,Bermuda,0,2,2,0,0,0,0
Simranjit Singh,ITA,0,1,1,0,0,0,0
MS Sinclair,New Zealand,2,2,2,0,0,0,0
H Singh,GER,0,7,7,0,0,0,0
S Singh,PHI,0,4,4,0,0,0,0
S Singh,PORT,0,1,1,0,0,0,0
JR Singleton,"",0,3,3,0,0,0,0
T Singye,BHU,0,2,2,0,0,0,0
RM Siri,Arg,0,4,4,0,0,0,0
DC Smith,PHI,0,4,4,0,0,0,0
OF Smith,West Indies,0,2,2,0,0,0,0
RAJ Smith,SCOT,0,2,2,0,0,0,0
Sohail Khan,Pakisthan,9,5,5,0,0,0,0
S Sohal,South Africa,0,3,3,0,0,0,0
Soheel Hussain,Belg,0,1,1,0,0,0,0
M Sohel Patel,PNM,0,2,2,0,0,0,0
Sohrawordi Shuvo,Bangladesh,0,1,1,0,0,0,0
S Sola,Samoa,0,4,4,0,0,0,0
S Soosiyakumar,"",0,1,1,0,0,0,0
ES Soto,CRC,0,1,1,0,0,0,0
M Spry,Peru,0,4,4,0,0,0,0
BB Sran,India,0,2,2,0,0,0,0
L Sreekumar,UAE,0,1,1,0,0,0,0
H Ssenyondo,UGA,0,4,4,0,0,0,0
AJ Staal,NL,0,9,9,0,0,0,0
B Stanlake,Australia,2,19,19,0,0,0,0
AL Stephen,VAN,0,2,2,0,0,0,0
BS Stephenson,Blz,0,3,3,0,0,0,0
TJ Stephenson,Blz,0,1,1,0,0,0,0
Suhail Sadiq,LUX,0,2,2,0,0,0,0
Suhrid Roy,MALTA,0,1,1,0,0,0,0
Sumair Khan,MALTA,0,1,1,0,0,0,0
Suresh Kumar,Peru,0,2,2,0,0,0,0
ZE Surkari,CAN,0,4,4,0,0,0,0
MJ Swepson,Australia,0,1,1,0,0,0,0
Syazrul Idrus,MAL,0,2,2,0,0,0,0
Tafseer Ali,NOR,0,5,5,0,0,0,0
Taijul Islam,Bangladesh,0,2,2,0,0,0,0
Talha Khan,GER,0,1,1,0,0,0,0
Tanvir Ahmed,Pakisthan,0,1,1,0,0,0,0
Tariq Aziz,PORT,0,4,4,0,0,0,0
Tarun Sharma,Mex,0,8,8,0,0,0,0
R Telemachus,South Africa,1,3,3,0,0,0,0
VE Tembo,Moz,0,6,5,0,0,0,0
H Thaker,CAN,0,1,1,0,0,0,0
J Thinley,BHU,0,2,2,0,0,0,0
AC Thomas,South Africa,0,1,1,0,0,0,0
O Thomas,West Indies,1,10,10,0,0,0,0
EP Thompson,New Zealand,0,1,1,0,0,0,0
S Thuraisingam,CAN,0,3,3,0,0,0,0
SF Tiai,Samoa,0,4,4,0,0,0,0
BM Tickner,New Zealand,0,3,3,0,0,0,0
CT Tremlett,England,0,1,1,0,0,0,0
IJL Trott,England,3,7,7,0,0,0,0
RJ Trott,Bermuda,11,15,15,0,0,0,0
TE Tucker,Bermuda,0,1,1,0,0,0,0
DR Tuffey,New Zealand,5,3,3,0,0,0,0
T Turan,TKY,0,4,4,0,0,0,0
HER Tyler,PHI,0,2,2,0,0,0,0
ML Udawatte,Sri Lanka,9,8,8,0,0,0,0
T Ulutuna,TKY,0,3,3,0,0,0,0
R Ulutuna,TKY,0,4,4,0,0,0,0
Umair Ali,UAE,0,3,3,0,0,0,0
J Umanath,Mex,0,7,7,0,0,0,0
Usman Mushtaq,UAE,0,3,3,0,0,0,0
WPUJC Vaas,Sri Lanka,1,6,6,0,0,0,0
JJ van der Wath,South Africa,1,8,8,0,0,0,0
VB van Jaarsveld,South Africa,0,3,3,0,0,0,0
S Varathappan,KUW,0,3,3,0,0,0,0
MP Vaughan,England,2,2,2,0,0,0,0
G Venkateswaran,LUX,0,3,3,0,0,0,0
JK Vifah,Ghana,0,3,3,0,0,0,0
V Vijh,LUX,0,4,4,0,0,0,0
Vikramjit Singh,NL,0,1,1,0,0,0,0
DJ Vilas,South Africa,0,1,1,0,0,0,0
TC Vine,ESP,0,6,6,0,0,0,0
R Vishwanath,LUX,0,2,2,0,0,0,0
C Vorster,GUE,0,1,1,0,0,0,0
Walid Ghauri,NOR,0,4,4,0,0,0,0
T Wangchuk jnr,BHU,0,2,2,0,0,0,0
S Waqas Ahmed,NOR,0,5,5,0,0,0,0
Waqas Khan,HKG,3,8,8,0,0,0,0
Waqas Maqsood,Pakisthan,0,1,1,0,0,0,0
Waqas Raja,Fin,0,1,1,0,0,0,0
I Wardlaw,SCOT,0,4,4,0,0,0,0
Wasim Ali,OMAN,0,1,1,0,0,0,0
SMK Waththage,CZK-R,0,5,5,0,0,0,0
UWMBCA Welegedara,Sri Lanka,0,2,2,0,0,0,0
T Whiteman,LUX,0,4,4,0,0,0,0
SG Whittingham,SCOT,0,3,3,0,0,0,0
G Wijekoon,Sri Lanka,0,3,3,0,0,0,0
JW Wilson,New Zealand,0,1,1,0,0,0,0
MA Wood,England,4,5,5,0,0,0,0
Yamin Ahmadzai,Afganisthan,0,2,2,0,0,0,0
N Yordanov,"",0,2,2,0,0,0,0
Zain ul Tashnam,CRC,0,3,3,0,0,0,0
Zakir Hasan,Bangladesh,0,1,1,0,0,0,0
Zaki Ul Hassan,Belg,0,3,3,0,0,0,0
Zamir Khan,Afganisthan,0,1,1,0,0,0,0
S Zargar,Mex,0,1,1,0,0,0,0
Zeeshan Siddiqui,OMAN,0,5,5,0,0,0,0
Zeshan Arif,Aut,0,4,4,0,0,0,0
Ziaur Rahman,Afganisthan,0,1,1,0,0,0,0
Ziaur Rehman,Fin,0,1,1,0,0,0,0
Zohaib Sarwar,PORT,0,4,4,0,0,0,0
M Zondeki,South Africa,0,1,1,0,0,0,0
GMC Mol,NL,0,1,,,,,
JD Schoonheim,NL,0,1,,,,,
